href,title,image,price
https://scrapeme.live/shop/Bulbasaur/,Bulbasaur,https://scrapeme.live/wp-content/uploads/2018/08/001-350x350.png,£63.00
https://scrapeme.live/shop/Ivysaur/,Ivysaur,https://scrapeme.live/wp-content/uploads/2018/08/002-350x350.png,£87.00
https://scrapeme.live/shop/Venusaur/,Venusaur,https://scrapeme.live/wp-content/uploads/2018/08/003-350x350.png,£105.00
https://scrapeme.live/shop/Charmander/,Charmander,https://scrapeme.live/wp-content/uploads/2018/08/004-350x350.png,£48.00
https://scrapeme.live/shop/Charmeleon/,Charmeleon,https://scrapeme.live/wp-content/uploads/2018/08/005-350x350.png,£165.00
https://scrapeme.live/shop/Charizard/,Charizard,https://scrapeme.live/wp-content/uploads/2018/08/006-350x350.png,£156.00
https://scrapeme.live/shop/Squirtle/,Squirtle,https://scrapeme.live/wp-content/uploads/2018/08/007-350x350.png,£130.00
https://scrapeme.live/shop/Wartortle/,Wartortle,https://scrapeme.live/wp-content/uploads/2018/08/008-350x350.png,£123.00
https://scrapeme.live/shop/Blastoise/,Blastoise,https://scrapeme.live/wp-content/uploads/2018/08/009-350x350.png,£76.00
https://scrapeme.live/shop/Caterpie/,Caterpie,https://scrapeme.live/wp-content/uploads/2018/08/010-350x350.png,£73.00
https://scrapeme.live/shop/Metapod/,Metapod,https://scrapeme.live/wp-content/uploads/2018/08/011-350x350.png,£148.00
https://scrapeme.live/shop/Butterfree/,Butterfree,https://scrapeme.live/wp-content/uploads/2018/08/012-350x350.png,£162.00
https://scrapeme.live/shop/Weedle/,Weedle,https://scrapeme.live/wp-content/uploads/2018/08/013-350x350.png,£25.00
https://scrapeme.live/shop/Kakuna/,Kakuna,https://scrapeme.live/wp-content/uploads/2018/08/014-350x350.png,£148.00
https://scrapeme.live/shop/Beedrill/,Beedrill,https://scrapeme.live/wp-content/uploads/2018/08/015-350x350.png,£168.00
https://scrapeme.live/shop/Pidgey/,Pidgey,https://scrapeme.live/wp-content/uploads/2018/08/016-350x350.png,£159.00
https://scrapeme.live/shop/Pidgeotto/,Pidgeotto,https://scrapeme.live/wp-content/uploads/2018/08/017-350x350.png,£84.00
https://scrapeme.live/shop/Pidgeot/,Pidgeot,https://scrapeme.live/wp-content/uploads/2018/08/018-350x350.png,£185.00
https://scrapeme.live/shop/Rattata/,Rattata,https://scrapeme.live/wp-content/uploads/2018/08/019-350x350.png,£128.00
https://scrapeme.live/shop/Raticate/,Raticate,https://scrapeme.live/wp-content/uploads/2018/08/020-350x350.png,£60.00
https://scrapeme.live/shop/Spearow/,Spearow,https://scrapeme.live/wp-content/uploads/2018/08/021-350x350.png,£133.00
https://scrapeme.live/shop/Fearow/,Fearow,https://scrapeme.live/wp-content/uploads/2018/08/022-350x350.png,£95.00
https://scrapeme.live/shop/Ekans/,Ekans,https://scrapeme.live/wp-content/uploads/2018/08/023-350x350.png,£55.00
https://scrapeme.live/shop/Arbok/,Arbok,https://scrapeme.live/wp-content/uploads/2018/08/024-350x350.png,£182.00
https://scrapeme.live/shop/Pikachu/,Pikachu,https://scrapeme.live/wp-content/uploads/2018/08/025-350x350.png,£37.00
https://scrapeme.live/shop/Raichu/,Raichu,https://scrapeme.live/wp-content/uploads/2018/08/026-350x350.png,£140.00
https://scrapeme.live/shop/Sandshrew/,Sandshrew,https://scrapeme.live/wp-content/uploads/2018/08/027-350x350.png,£82.00
https://scrapeme.live/shop/Sandslash/,Sandslash,https://scrapeme.live/wp-content/uploads/2018/08/028-350x350.png,£155.00
https://scrapeme.live/shop/Nidorina/,Nidorina,https://scrapeme.live/wp-content/uploads/2018/08/030-350x350.png,£28.00
https://scrapeme.live/shop/Nidoqueen/,Nidoqueen,https://scrapeme.live/wp-content/uploads/2018/08/031-350x350.png,£106.00
https://scrapeme.live/shop/Nidorino/,Nidorino,https://scrapeme.live/wp-content/uploads/2018/08/033-350x350.png,£179.00
https://scrapeme.live/shop/Nidoking/,Nidoking,https://scrapeme.live/wp-content/uploads/2018/08/034-350x350.png,£31.00
https://scrapeme.live/shop/Clefairy/,Clefairy,https://scrapeme.live/wp-content/uploads/2018/08/035-350x350.png,£160.00
https://scrapeme.live/shop/Clefable/,Clefable,https://scrapeme.live/wp-content/uploads/2018/08/036-350x350.png,£188.00
https://scrapeme.live/shop/Vulpix/,Vulpix,https://scrapeme.live/wp-content/uploads/2018/08/037-350x350.png,£85.00
https://scrapeme.live/shop/Ninetales/,Ninetales,https://scrapeme.live/wp-content/uploads/2018/08/038-350x350.png,£52.00
https://scrapeme.live/shop/Jigglypuff/,Jigglypuff,https://scrapeme.live/wp-content/uploads/2018/08/039-350x350.png,£61.00
https://scrapeme.live/shop/Wigglytuff/,Wigglytuff,https://scrapeme.live/wp-content/uploads/2018/08/040-350x350.png,£130.00
https://scrapeme.live/shop/Zubat/,Zubat,https://scrapeme.live/wp-content/uploads/2018/08/041-350x350.png,£125.00
https://scrapeme.live/shop/Golbat/,Golbat,https://scrapeme.live/wp-content/uploads/2018/08/042-350x350.png,£136.00
https://scrapeme.live/shop/Oddish/,Oddish,https://scrapeme.live/wp-content/uploads/2018/08/043-350x350.png,£45.00
https://scrapeme.live/shop/Gloom/,Gloom,https://scrapeme.live/wp-content/uploads/2018/08/044-350x350.png,£178.00
https://scrapeme.live/shop/Vileplume/,Vileplume,https://scrapeme.live/wp-content/uploads/2018/08/045-350x350.png,£170.00
https://scrapeme.live/shop/Paras/,Paras,https://scrapeme.live/wp-content/uploads/2018/08/046-350x350.png,£168.00
https://scrapeme.live/shop/Parasect/,Parasect,https://scrapeme.live/wp-content/uploads/2018/08/047-350x350.png,£27.00
https://scrapeme.live/shop/Venonat/,Venonat,https://scrapeme.live/wp-content/uploads/2018/08/048-350x350.png,£158.00
https://scrapeme.live/shop/Venomoth/,Venomoth,https://scrapeme.live/wp-content/uploads/2018/08/049-350x350.png,£53.00
https://scrapeme.live/shop/Diglett/,Diglett,https://scrapeme.live/wp-content/uploads/2018/08/050-350x350.png,£122.00
https://scrapeme.live/shop/Dugtrio/,Dugtrio,https://scrapeme.live/wp-content/uploads/2018/08/051-350x350.png,£111.00
https://scrapeme.live/shop/Meowth/,Meowth,https://scrapeme.live/wp-content/uploads/2018/08/052-350x350.png,£131.00
https://scrapeme.live/shop/Persian/,Persian,https://scrapeme.live/wp-content/uploads/2018/08/053-350x350.png,£200.00
https://scrapeme.live/shop/Psyduck/,Psyduck,https://scrapeme.live/wp-content/uploads/2018/08/054-350x350.png,£182.00
https://scrapeme.live/shop/Golduck/,Golduck,https://scrapeme.live/wp-content/uploads/2018/08/055-350x350.png,£31.00
https://scrapeme.live/shop/Mankey/,Mankey,https://scrapeme.live/wp-content/uploads/2018/08/056-350x350.png,£125.00
https://scrapeme.live/shop/Primeape/,Primeape,https://scrapeme.live/wp-content/uploads/2018/08/057-350x350.png,£86.00
https://scrapeme.live/shop/Growlithe/,Growlithe,https://scrapeme.live/wp-content/uploads/2018/08/058-350x350.png,£30.00
https://scrapeme.live/shop/Arcanine/,Arcanine,https://scrapeme.live/wp-content/uploads/2018/08/059-350x350.png,£69.00
https://scrapeme.live/shop/Poliwag/,Poliwag,https://scrapeme.live/wp-content/uploads/2018/08/060-350x350.png,£174.00
https://scrapeme.live/shop/Poliwhirl/,Poliwhirl,https://scrapeme.live/wp-content/uploads/2018/08/061-350x350.png,£121.00
https://scrapeme.live/shop/Poliwrath/,Poliwrath,https://scrapeme.live/wp-content/uploads/2018/08/062-350x350.png,£152.00
https://scrapeme.live/shop/Abra/,Abra,https://scrapeme.live/wp-content/uploads/2018/08/063-350x350.png,£141.00
https://scrapeme.live/shop/Kadabra/,Kadabra,https://scrapeme.live/wp-content/uploads/2018/08/064-350x350.png,£129.00
https://scrapeme.live/shop/Alakazam/,Alakazam,https://scrapeme.live/wp-content/uploads/2018/08/065-350x350.png,£40.00
https://scrapeme.live/shop/Machop/,Machop,https://scrapeme.live/wp-content/uploads/2018/08/066-350x350.png,£166.00
https://scrapeme.live/shop/Machoke/,Machoke,https://scrapeme.live/wp-content/uploads/2018/08/067-350x350.png,£27.00
https://scrapeme.live/shop/Machamp/,Machamp,https://scrapeme.live/wp-content/uploads/2018/08/068-350x350.png,£121.00
https://scrapeme.live/shop/Bellsprout/,Bellsprout,https://scrapeme.live/wp-content/uploads/2018/08/069-350x350.png,£74.00
https://scrapeme.live/shop/Weepinbell/,Weepinbell,https://scrapeme.live/wp-content/uploads/2018/08/070-350x350.png,£26.00
https://scrapeme.live/shop/Victreebel/,Victreebel,https://scrapeme.live/wp-content/uploads/2018/08/071-350x350.png,£68.00
https://scrapeme.live/shop/Tentacool/,Tentacool,https://scrapeme.live/wp-content/uploads/2018/08/072-350x350.png,£186.00
https://scrapeme.live/shop/Tentacruel/,Tentacruel,https://scrapeme.live/wp-content/uploads/2018/08/073-350x350.png,£65.00
https://scrapeme.live/shop/Geodude/,Geodude,https://scrapeme.live/wp-content/uploads/2018/08/074-350x350.png,£32.00
https://scrapeme.live/shop/Graveler/,Graveler,https://scrapeme.live/wp-content/uploads/2018/08/075-350x350.png,£182.00
https://scrapeme.live/shop/Golem/,Golem,https://scrapeme.live/wp-content/uploads/2018/08/076-350x350.png,£103.00
https://scrapeme.live/shop/Ponyta/,Ponyta,https://scrapeme.live/wp-content/uploads/2018/08/077-350x350.png,£53.00
https://scrapeme.live/shop/Rapidash/,Rapidash,https://scrapeme.live/wp-content/uploads/2018/08/078-350x350.png,£98.00
https://scrapeme.live/shop/Slowpoke/,Slowpoke,https://scrapeme.live/wp-content/uploads/2018/08/079-350x350.png,£109.00
https://scrapeme.live/shop/Slowbro/,Slowbro,https://scrapeme.live/wp-content/uploads/2018/08/080-350x350.png,£179.00
https://scrapeme.live/shop/Magnemite/,Magnemite,https://scrapeme.live/wp-content/uploads/2018/08/081-350x350.png,£100.00
https://scrapeme.live/shop/Magneton/,Magneton,https://scrapeme.live/wp-content/uploads/2018/08/082-350x350.png,£191.00
https://scrapeme.live/shop/Farfetchd/,Farfetchd,https://scrapeme.live/wp-content/uploads/2018/08/083-350x350.png,£185.00
https://scrapeme.live/shop/Doduo/,Doduo,https://scrapeme.live/wp-content/uploads/2018/08/084-350x350.png,£73.00
https://scrapeme.live/shop/Dodrio/,Dodrio,https://scrapeme.live/wp-content/uploads/2018/08/085-350x350.png,£138.00
https://scrapeme.live/shop/Seel/,Seel,https://scrapeme.live/wp-content/uploads/2018/08/086-350x350.png,£164.00
https://scrapeme.live/shop/Dewgong/,Dewgong,https://scrapeme.live/wp-content/uploads/2018/08/087-350x350.png,£70.00
https://scrapeme.live/shop/Grimer/,Grimer,https://scrapeme.live/wp-content/uploads/2018/08/088-350x350.png,£147.00
https://scrapeme.live/shop/Muk/,Muk,https://scrapeme.live/wp-content/uploads/2018/08/089-350x350.png,£187.00
https://scrapeme.live/shop/Shellder/,Shellder,https://scrapeme.live/wp-content/uploads/2018/08/090-350x350.png,£138.00
https://scrapeme.live/shop/Cloyster/,Cloyster,https://scrapeme.live/wp-content/uploads/2018/08/091-350x350.png,£199.00
https://scrapeme.live/shop/Gastly/,Gastly,https://scrapeme.live/wp-content/uploads/2018/08/092-350x350.png,£179.00
https://scrapeme.live/shop/Haunter/,Haunter,https://scrapeme.live/wp-content/uploads/2018/08/093-350x350.png,£42.00
https://scrapeme.live/shop/Gengar/,Gengar,https://scrapeme.live/wp-content/uploads/2018/08/094-350x350.png,£149.00
https://scrapeme.live/shop/Onix/,Onix,https://scrapeme.live/wp-content/uploads/2018/08/095-350x350.png,£37.00
https://scrapeme.live/shop/Drowzee/,Drowzee,https://scrapeme.live/wp-content/uploads/2018/08/096-350x350.png,£40.00
https://scrapeme.live/shop/Hypno/,Hypno,https://scrapeme.live/wp-content/uploads/2018/08/097-350x350.png,£198.00
https://scrapeme.live/shop/Krabby/,Krabby,https://scrapeme.live/wp-content/uploads/2018/08/098-350x350.png,£64.00
https://scrapeme.live/shop/Kingler/,Kingler,https://scrapeme.live/wp-content/uploads/2018/08/099-350x350.png,£72.00
https://scrapeme.live/shop/Voltorb/,Voltorb,https://scrapeme.live/wp-content/uploads/2018/08/100-350x350.png,£189.00
https://scrapeme.live/shop/Electrode/,Electrode,https://scrapeme.live/wp-content/uploads/2018/08/101-350x350.png,£100.00
https://scrapeme.live/shop/Exeggcute/,Exeggcute,https://scrapeme.live/wp-content/uploads/2018/08/102-350x350.png,£126.00
https://scrapeme.live/shop/Exeggutor/,Exeggutor,https://scrapeme.live/wp-content/uploads/2018/08/103-350x350.png,£68.00
https://scrapeme.live/shop/Cubone/,Cubone,https://scrapeme.live/wp-content/uploads/2018/08/104-350x350.png,£177.00
https://scrapeme.live/shop/Marowak/,Marowak,https://scrapeme.live/wp-content/uploads/2018/08/105-350x350.png,£36.00
https://scrapeme.live/shop/Hitmonlee/,Hitmonlee,https://scrapeme.live/wp-content/uploads/2018/08/106-350x350.png,£73.00
https://scrapeme.live/shop/Hitmonchan/,Hitmonchan,https://scrapeme.live/wp-content/uploads/2018/08/107-350x350.png,£91.00
https://scrapeme.live/shop/Lickitung/,Lickitung,https://scrapeme.live/wp-content/uploads/2018/08/108-350x350.png,£142.00
https://scrapeme.live/shop/Koffing/,Koffing,https://scrapeme.live/wp-content/uploads/2018/08/109-350x350.png,£38.00
https://scrapeme.live/shop/Weezing/,Weezing,https://scrapeme.live/wp-content/uploads/2018/08/110-350x350.png,£48.00
https://scrapeme.live/shop/Rhyhorn/,Rhyhorn,https://scrapeme.live/wp-content/uploads/2018/08/111-350x350.png,£124.00
https://scrapeme.live/shop/Rhydon/,Rhydon,https://scrapeme.live/wp-content/uploads/2018/08/112-350x350.png,£27.00
https://scrapeme.live/shop/Chansey/,Chansey,https://scrapeme.live/wp-content/uploads/2018/08/113-350x350.png,£176.00
https://scrapeme.live/shop/Tangela/,Tangela,https://scrapeme.live/wp-content/uploads/2018/08/114-350x350.png,£64.00
https://scrapeme.live/shop/Kangaskhan/,Kangaskhan,https://scrapeme.live/wp-content/uploads/2018/08/115-350x350.png,£164.00
https://scrapeme.live/shop/Horsea/,Horsea,https://scrapeme.live/wp-content/uploads/2018/08/116-350x350.png,£154.00
https://scrapeme.live/shop/Seadra/,Seadra,https://scrapeme.live/wp-content/uploads/2018/08/117-350x350.png,£51.00
https://scrapeme.live/shop/Goldeen/,Goldeen,https://scrapeme.live/wp-content/uploads/2018/08/118-350x350.png,£170.00
https://scrapeme.live/shop/Seaking/,Seaking,https://scrapeme.live/wp-content/uploads/2018/08/119-350x350.png,£129.00
https://scrapeme.live/shop/Staryu/,Staryu,https://scrapeme.live/wp-content/uploads/2018/08/120-350x350.png,£166.00
https://scrapeme.live/shop/Starmie/,Starmie,https://scrapeme.live/wp-content/uploads/2018/08/121-350x350.png,£176.00
https://scrapeme.live/shop/Mr-mime/,Mr-mime,https://scrapeme.live/wp-content/uploads/2018/08/122-350x350.png,£144.00
https://scrapeme.live/shop/Scyther/,Scyther,https://scrapeme.live/wp-content/uploads/2018/08/123-350x350.png,£85.00
https://scrapeme.live/shop/Jynx/,Jynx,https://scrapeme.live/wp-content/uploads/2018/08/124-350x350.png,£138.00
https://scrapeme.live/shop/Electabuzz/,Electabuzz,https://scrapeme.live/wp-content/uploads/2018/08/125-350x350.png,£125.00
https://scrapeme.live/shop/Magmar/,Magmar,https://scrapeme.live/wp-content/uploads/2018/08/126-350x350.png,£130.00
https://scrapeme.live/shop/Pinsir/,Pinsir,https://scrapeme.live/wp-content/uploads/2018/08/127-350x350.png,£141.00
https://scrapeme.live/shop/Tauros/,Tauros,https://scrapeme.live/wp-content/uploads/2018/08/128-350x350.png,£63.00
https://scrapeme.live/shop/Magikarp/,Magikarp,https://scrapeme.live/wp-content/uploads/2018/08/129-350x350.png,£43.00
https://scrapeme.live/shop/Gyarados/,Gyarados,https://scrapeme.live/wp-content/uploads/2018/08/130-350x350.png,£79.00
https://scrapeme.live/shop/Lapras/,Lapras,https://scrapeme.live/wp-content/uploads/2018/08/131-350x350.png,£172.00
https://scrapeme.live/shop/Ditto/,Ditto,https://scrapeme.live/wp-content/uploads/2018/08/132-350x350.png,£75.00
https://scrapeme.live/shop/Eevee/,Eevee,https://scrapeme.live/wp-content/uploads/2018/08/133-350x350.png,£112.00
https://scrapeme.live/shop/Vaporeon/,Vaporeon,https://scrapeme.live/wp-content/uploads/2018/08/134-350x350.png,£147.00
https://scrapeme.live/shop/Jolteon/,Jolteon,https://scrapeme.live/wp-content/uploads/2018/08/135-350x350.png,£158.00
https://scrapeme.live/shop/Flareon/,Flareon,https://scrapeme.live/wp-content/uploads/2018/08/136-350x350.png,£34.00
https://scrapeme.live/shop/Porygon/,Porygon,https://scrapeme.live/wp-content/uploads/2018/08/137-350x350.png,£178.00
https://scrapeme.live/shop/Omanyte/,Omanyte,https://scrapeme.live/wp-content/uploads/2018/08/138-350x350.png,£162.00
https://scrapeme.live/shop/Omastar/,Omastar,https://scrapeme.live/wp-content/uploads/2018/08/139-350x350.png,£61.00
https://scrapeme.live/shop/Kabuto/,Kabuto,https://scrapeme.live/wp-content/uploads/2018/08/140-350x350.png,£79.00
https://scrapeme.live/shop/Kabutops/,Kabutops,https://scrapeme.live/wp-content/uploads/2018/08/141-350x350.png,£57.00
https://scrapeme.live/shop/Aerodactyl/,Aerodactyl,https://scrapeme.live/wp-content/uploads/2018/08/142-350x350.png,£56.00
https://scrapeme.live/shop/Snorlax/,Snorlax,https://scrapeme.live/wp-content/uploads/2018/08/143-350x350.png,£134.00
https://scrapeme.live/shop/Articuno/,Articuno,https://scrapeme.live/wp-content/uploads/2018/08/144-350x350.png,£77.00
https://scrapeme.live/shop/Zapdos/,Zapdos,https://scrapeme.live/wp-content/uploads/2018/08/145-350x350.png,£133.00
https://scrapeme.live/shop/Moltres/,Moltres,https://scrapeme.live/wp-content/uploads/2018/08/146-350x350.png,£178.00
https://scrapeme.live/shop/Dratini/,Dratini,https://scrapeme.live/wp-content/uploads/2018/08/147-350x350.png,£94.00
https://scrapeme.live/shop/Dragonair/,Dragonair,https://scrapeme.live/wp-content/uploads/2018/08/148-350x350.png,£57.00
https://scrapeme.live/shop/Dragonite/,Dragonite,https://scrapeme.live/wp-content/uploads/2018/08/149-350x350.png,£69.00
https://scrapeme.live/shop/Mewtwo/,Mewtwo,https://scrapeme.live/wp-content/uploads/2018/08/150-350x350.png,£43.00
https://scrapeme.live/shop/Mew/,Mew,https://scrapeme.live/wp-content/uploads/2018/08/151-350x350.png,£136.00
https://scrapeme.live/shop/Chikorita/,Chikorita,https://scrapeme.live/wp-content/uploads/2018/08/152-350x350.png,£127.00
https://scrapeme.live/shop/Bayleef/,Bayleef,https://scrapeme.live/wp-content/uploads/2018/08/153-350x350.png,£44.00
https://scrapeme.live/shop/Meganium/,Meganium,https://scrapeme.live/wp-content/uploads/2018/08/154-350x350.png,£163.00
https://scrapeme.live/shop/Cyndaquil/,Cyndaquil,https://scrapeme.live/wp-content/uploads/2018/08/155-350x350.png,£154.00
https://scrapeme.live/shop/Quilava/,Quilava,https://scrapeme.live/wp-content/uploads/2018/08/156-350x350.png,£85.00
https://scrapeme.live/shop/Typhlosion/,Typhlosion,https://scrapeme.live/wp-content/uploads/2018/08/157-350x350.png,£191.00
https://scrapeme.live/shop/Totodile/,Totodile,https://scrapeme.live/wp-content/uploads/2018/08/158-350x350.png,£190.00
https://scrapeme.live/shop/Croconaw/,Croconaw,https://scrapeme.live/wp-content/uploads/2018/08/159-350x350.png,£175.00
https://scrapeme.live/shop/Feraligatr/,Feraligatr,https://scrapeme.live/wp-content/uploads/2018/08/160-350x350.png,£183.00
https://scrapeme.live/shop/Sentret/,Sentret,https://scrapeme.live/wp-content/uploads/2018/08/161-350x350.png,£48.00
https://scrapeme.live/shop/Furret/,Furret,https://scrapeme.live/wp-content/uploads/2018/08/162-350x350.png,£154.00
https://scrapeme.live/shop/Hoothoot/,Hoothoot,https://scrapeme.live/wp-content/uploads/2018/08/163-350x350.png,£48.00
https://scrapeme.live/shop/Noctowl/,Noctowl,https://scrapeme.live/wp-content/uploads/2018/08/164-350x350.png,£170.00
https://scrapeme.live/shop/Ledyba/,Ledyba,https://scrapeme.live/wp-content/uploads/2018/08/165-350x350.png,£98.00
https://scrapeme.live/shop/Ledian/,Ledian,https://scrapeme.live/wp-content/uploads/2018/08/166-350x350.png,£136.00
https://scrapeme.live/shop/Spinarak/,Spinarak,https://scrapeme.live/wp-content/uploads/2018/08/167-350x350.png,£199.00
https://scrapeme.live/shop/Ariados/,Ariados,https://scrapeme.live/wp-content/uploads/2018/08/168-350x350.png,£85.00
https://scrapeme.live/shop/Crobat/,Crobat,https://scrapeme.live/wp-content/uploads/2018/08/169-350x350.png,£195.00
https://scrapeme.live/shop/Chinchou/,Chinchou,https://scrapeme.live/wp-content/uploads/2018/08/170-350x350.png,£59.00
https://scrapeme.live/shop/Lanturn/,Lanturn,https://scrapeme.live/wp-content/uploads/2018/08/171-350x350.png,£131.00
https://scrapeme.live/shop/Pichu/,Pichu,https://scrapeme.live/wp-content/uploads/2018/08/172-350x350.png,£193.00
https://scrapeme.live/shop/Cleffa/,Cleffa,https://scrapeme.live/wp-content/uploads/2018/08/173-350x350.png,£107.00
https://scrapeme.live/shop/Igglybuff/,Igglybuff,https://scrapeme.live/wp-content/uploads/2018/08/174-350x350.png,£189.00
https://scrapeme.live/shop/Togepi/,Togepi,https://scrapeme.live/wp-content/uploads/2018/08/175-350x350.png,£47.00
https://scrapeme.live/shop/Togetic/,Togetic,https://scrapeme.live/wp-content/uploads/2018/08/176-350x350.png,£69.00
https://scrapeme.live/shop/Natu/,Natu,https://scrapeme.live/wp-content/uploads/2018/08/177-350x350.png,£99.00
https://scrapeme.live/shop/Xatu/,Xatu,https://scrapeme.live/wp-content/uploads/2018/08/178-350x350.png,£123.00
https://scrapeme.live/shop/Mareep/,Mareep,https://scrapeme.live/wp-content/uploads/2018/08/179-350x350.png,£79.00
https://scrapeme.live/shop/Flaaffy/,Flaaffy,https://scrapeme.live/wp-content/uploads/2018/08/180-350x350.png,£163.00
https://scrapeme.live/shop/Ampharos/,Ampharos,https://scrapeme.live/wp-content/uploads/2018/08/181-350x350.png,£41.00
https://scrapeme.live/shop/Bellossom/,Bellossom,https://scrapeme.live/wp-content/uploads/2018/08/182-350x350.png,£25.00
https://scrapeme.live/shop/Marill/,Marill,https://scrapeme.live/wp-content/uploads/2018/08/183-350x350.png,£127.00
https://scrapeme.live/shop/Azumarill/,Azumarill,https://scrapeme.live/wp-content/uploads/2018/08/184-350x350.png,£175.00
https://scrapeme.live/shop/Sudowoodo/,Sudowoodo,https://scrapeme.live/wp-content/uploads/2018/08/185-350x350.png,£54.00
https://scrapeme.live/shop/Politoed/,Politoed,https://scrapeme.live/wp-content/uploads/2018/08/186-350x350.png,£193.00
https://scrapeme.live/shop/Hoppip/,Hoppip,https://scrapeme.live/wp-content/uploads/2018/08/187-350x350.png,£107.00
https://scrapeme.live/shop/Skiploom/,Skiploom,https://scrapeme.live/wp-content/uploads/2018/08/188-350x350.png,£185.00
https://scrapeme.live/shop/Jumpluff/,Jumpluff,https://scrapeme.live/wp-content/uploads/2018/08/189-350x350.png,£107.00
https://scrapeme.live/shop/Aipom/,Aipom,https://scrapeme.live/wp-content/uploads/2018/08/190-350x350.png,£182.00
https://scrapeme.live/shop/Sunkern/,Sunkern,https://scrapeme.live/wp-content/uploads/2018/08/191-350x350.png,£150.00
https://scrapeme.live/shop/Sunflora/,Sunflora,https://scrapeme.live/wp-content/uploads/2018/08/192-350x350.png,£33.00
https://scrapeme.live/shop/Yanma/,Yanma,https://scrapeme.live/wp-content/uploads/2018/08/193-350x350.png,£130.00
https://scrapeme.live/shop/Wooper/,Wooper,https://scrapeme.live/wp-content/uploads/2018/08/194-350x350.png,£98.00
https://scrapeme.live/shop/Quagsire/,Quagsire,https://scrapeme.live/wp-content/uploads/2018/08/195-350x350.png,£37.00
https://scrapeme.live/shop/Espeon/,Espeon,https://scrapeme.live/wp-content/uploads/2018/08/196-350x350.png,£177.00
https://scrapeme.live/shop/Umbreon/,Umbreon,https://scrapeme.live/wp-content/uploads/2018/08/197-350x350.png,£78.00
https://scrapeme.live/shop/Murkrow/,Murkrow,https://scrapeme.live/wp-content/uploads/2018/08/198-350x350.png,£178.00
https://scrapeme.live/shop/Slowking/,Slowking,https://scrapeme.live/wp-content/uploads/2018/08/199-350x350.png,£174.00
https://scrapeme.live/shop/Misdreavus/,Misdreavus,https://scrapeme.live/wp-content/uploads/2018/08/200-350x350.png,£33.00
https://scrapeme.live/shop/Unown/,Unown,https://scrapeme.live/wp-content/uploads/2018/08/201-350x350.png,£198.00
https://scrapeme.live/shop/Wobbuffet/,Wobbuffet,https://scrapeme.live/wp-content/uploads/2018/08/202-350x350.png,£107.00
https://scrapeme.live/shop/Girafarig/,Girafarig,https://scrapeme.live/wp-content/uploads/2018/08/203-350x350.png,£99.00
https://scrapeme.live/shop/Gligar/,Gligar,https://scrapeme.live/wp-content/uploads/2018/08/207-350x350.png,£112.00
https://scrapeme.live/shop/Steelix/,Steelix,https://scrapeme.live/wp-content/uploads/2018/08/208-350x350.png,£116.00
https://scrapeme.live/shop/Snubbull/,Snubbull,https://scrapeme.live/wp-content/uploads/2018/08/209-350x350.png,£63.00
https://scrapeme.live/shop/Granbull/,Granbull,https://scrapeme.live/wp-content/uploads/2018/08/210-350x350.png,£59.00
https://scrapeme.live/shop/Qwilfish/,Qwilfish,https://scrapeme.live/wp-content/uploads/2018/08/211-350x350.png,£77.00
https://scrapeme.live/shop/Scizor/,Scizor,https://scrapeme.live/wp-content/uploads/2018/08/212-350x350.png,£172.00
https://scrapeme.live/shop/Shuckle/,Shuckle,https://scrapeme.live/wp-content/uploads/2018/08/213-350x350.png,£194.00
https://scrapeme.live/shop/Heracross/,Heracross,https://scrapeme.live/wp-content/uploads/2018/08/214-350x350.png,£143.00
https://scrapeme.live/shop/Sneasel/,Sneasel,https://scrapeme.live/wp-content/uploads/2018/08/215-350x350.png,£108.00
https://scrapeme.live/shop/Teddiursa/,Teddiursa,https://scrapeme.live/wp-content/uploads/2018/08/216-350x350.png,£173.00
https://scrapeme.live/shop/Ursaring/,Ursaring,https://scrapeme.live/wp-content/uploads/2018/08/217-350x350.png,£31.00
https://scrapeme.live/shop/Magcargo/,Magcargo,https://scrapeme.live/wp-content/uploads/2018/08/219-350x350.png,£36.00
https://scrapeme.live/shop/Swinub/,Swinub,https://scrapeme.live/wp-content/uploads/2018/08/220-350x350.png,£132.00
https://scrapeme.live/shop/Piloswine/,Piloswine,https://scrapeme.live/wp-content/uploads/2018/08/221-350x350.png,£84.00
https://scrapeme.live/shop/Corsola/,Corsola,https://scrapeme.live/wp-content/uploads/2018/08/222-350x350.png,£27.00
https://scrapeme.live/shop/Remoraid/,Remoraid,https://scrapeme.live/wp-content/uploads/2018/08/223-350x350.png,£122.00
https://scrapeme.live/shop/Octillery/,Octillery,https://scrapeme.live/wp-content/uploads/2018/08/224-350x350.png,£94.00
https://scrapeme.live/shop/Delibird/,Delibird,https://scrapeme.live/wp-content/uploads/2018/08/225-350x350.png,£121.00
https://scrapeme.live/shop/Mantine/,Mantine,https://scrapeme.live/wp-content/uploads/2018/08/226-350x350.png,£114.00
https://scrapeme.live/shop/Skarmory/,Skarmory,https://scrapeme.live/wp-content/uploads/2018/08/227-350x350.png,£199.00
https://scrapeme.live/shop/Houndour/,Houndour,https://scrapeme.live/wp-content/uploads/2018/08/228-350x350.png,£144.00
https://scrapeme.live/shop/Houndoom/,Houndoom,https://scrapeme.live/wp-content/uploads/2018/08/229-350x350.png,£78.00
https://scrapeme.live/shop/Kingdra/,Kingdra,https://scrapeme.live/wp-content/uploads/2018/08/230-350x350.png,£124.00
https://scrapeme.live/shop/Phanpy/,Phanpy,https://scrapeme.live/wp-content/uploads/2018/08/231-350x350.png,£129.00
https://scrapeme.live/shop/Donphan/,Donphan,https://scrapeme.live/wp-content/uploads/2018/08/232-350x350.png,£89.00
https://scrapeme.live/shop/Porygon2/,Porygon2,https://scrapeme.live/wp-content/uploads/2018/08/233-350x350.png,£151.00
https://scrapeme.live/shop/Stantler/,Stantler,https://scrapeme.live/wp-content/uploads/2018/08/234-350x350.png,£33.00
https://scrapeme.live/shop/Smeargle/,Smeargle,https://scrapeme.live/wp-content/uploads/2018/08/235-350x350.png,£151.00
https://scrapeme.live/shop/Tyrogue/,Tyrogue,https://scrapeme.live/wp-content/uploads/2018/08/236-350x350.png,£145.00
https://scrapeme.live/shop/Hitmontop/,Hitmontop,https://scrapeme.live/wp-content/uploads/2018/08/237-350x350.png,£149.00
https://scrapeme.live/shop/Smoochum/,Smoochum,https://scrapeme.live/wp-content/uploads/2018/08/238-350x350.png,£166.00
https://scrapeme.live/shop/Elekid/,Elekid,https://scrapeme.live/wp-content/uploads/2018/08/239-350x350.png,£104.00
https://scrapeme.live/shop/Magby/,Magby,https://scrapeme.live/wp-content/uploads/2018/08/240-350x350.png,£40.00
https://scrapeme.live/shop/Miltank/,Miltank,https://scrapeme.live/wp-content/uploads/2018/08/241-350x350.png,£26.00
https://scrapeme.live/shop/Blissey/,Blissey,https://scrapeme.live/wp-content/uploads/2018/08/242-350x350.png,£31.00
https://scrapeme.live/shop/Raikou/,Raikou,https://scrapeme.live/wp-content/uploads/2018/08/243-350x350.png,£66.00
https://scrapeme.live/shop/Entei/,Entei,https://scrapeme.live/wp-content/uploads/2018/08/244-350x350.png,£27.00
https://scrapeme.live/shop/Suicune/,Suicune,https://scrapeme.live/wp-content/uploads/2018/08/245-350x350.png,£68.00
https://scrapeme.live/shop/Larvitar/,Larvitar,https://scrapeme.live/wp-content/uploads/2018/08/246-350x350.png,£26.00
https://scrapeme.live/shop/Pupitar/,Pupitar,https://scrapeme.live/wp-content/uploads/2018/08/247-350x350.png,£114.00
https://scrapeme.live/shop/Tyranitar/,Tyranitar,https://scrapeme.live/wp-content/uploads/2018/08/248-350x350.png,£190.00
https://scrapeme.live/shop/Lugia/,Lugia,https://scrapeme.live/wp-content/uploads/2018/08/249-350x350.png,£86.00
https://scrapeme.live/shop/Ho-oh/,Ho-oh,https://scrapeme.live/wp-content/uploads/2018/08/250-350x350.png,£91.00
https://scrapeme.live/shop/Celebi/,Celebi,https://scrapeme.live/wp-content/uploads/2018/08/251-350x350.png,£111.00
https://scrapeme.live/shop/Treecko/,Treecko,https://scrapeme.live/wp-content/uploads/2018/08/252-350x350.png,£96.00
https://scrapeme.live/shop/Grovyle/,Grovyle,https://scrapeme.live/wp-content/uploads/2018/08/253-350x350.png,£190.00
https://scrapeme.live/shop/Sceptile/,Sceptile,https://scrapeme.live/wp-content/uploads/2018/08/254-350x350.png,£37.00
https://scrapeme.live/shop/Torchic/,Torchic,https://scrapeme.live/wp-content/uploads/2018/08/255-350x350.png,£28.00
https://scrapeme.live/shop/Combusken/,Combusken,https://scrapeme.live/wp-content/uploads/2018/08/256-350x350.png,£68.00
https://scrapeme.live/shop/Blaziken/,Blaziken,https://scrapeme.live/wp-content/uploads/2018/08/257-350x350.png,£40.00
https://scrapeme.live/shop/Mudkip/,Mudkip,https://scrapeme.live/wp-content/uploads/2018/08/258-350x350.png,£140.00
https://scrapeme.live/shop/Marshtomp/,Marshtomp,https://scrapeme.live/wp-content/uploads/2018/08/259-350x350.png,£152.00
https://scrapeme.live/shop/Swampert/,Swampert,https://scrapeme.live/wp-content/uploads/2018/08/260-350x350.png,£144.00
https://scrapeme.live/shop/Poochyena/,Poochyena,https://scrapeme.live/wp-content/uploads/2018/08/261-350x350.png,£130.00
https://scrapeme.live/shop/Mightyena/,Mightyena,https://scrapeme.live/wp-content/uploads/2018/08/262-350x350.png,£175.00
https://scrapeme.live/shop/Zigzagoon/,Zigzagoon,https://scrapeme.live/wp-content/uploads/2018/08/263-350x350.png,£83.00
https://scrapeme.live/shop/Linoone/,Linoone,https://scrapeme.live/wp-content/uploads/2018/08/264-350x350.png,£81.00
https://scrapeme.live/shop/Wurmple/,Wurmple,https://scrapeme.live/wp-content/uploads/2018/08/265-350x350.png,£195.00
https://scrapeme.live/shop/Silcoon/,Silcoon,https://scrapeme.live/wp-content/uploads/2018/08/266-350x350.png,£80.00
https://scrapeme.live/shop/Beautifly/,Beautifly,https://scrapeme.live/wp-content/uploads/2018/08/267-350x350.png,£145.00
https://scrapeme.live/shop/Cascoon/,Cascoon,https://scrapeme.live/wp-content/uploads/2018/08/268-350x350.png,£166.00
https://scrapeme.live/shop/Dustox/,Dustox,https://scrapeme.live/wp-content/uploads/2018/08/269-350x350.png,£91.00
https://scrapeme.live/shop/Lotad/,Lotad,https://scrapeme.live/wp-content/uploads/2018/08/270-350x350.png,£161.00
https://scrapeme.live/shop/Lombre/,Lombre,https://scrapeme.live/wp-content/uploads/2018/08/271-350x350.png,£79.00
https://scrapeme.live/shop/Ludicolo/,Ludicolo,https://scrapeme.live/wp-content/uploads/2018/08/272-350x350.png,£189.00
https://scrapeme.live/shop/Seedot/,Seedot,https://scrapeme.live/wp-content/uploads/2018/08/273-350x350.png,£26.00
https://scrapeme.live/shop/Nuzleaf/,Nuzleaf,https://scrapeme.live/wp-content/uploads/2018/08/274-350x350.png,£26.00
https://scrapeme.live/shop/Shiftry/,Shiftry,https://scrapeme.live/wp-content/uploads/2018/08/275-350x350.png,£157.00
https://scrapeme.live/shop/Taillow/,Taillow,https://scrapeme.live/wp-content/uploads/2018/08/276-350x350.png,£85.00
https://scrapeme.live/shop/Swellow/,Swellow,https://scrapeme.live/wp-content/uploads/2018/08/277-350x350.png,£88.00
https://scrapeme.live/shop/Wingull/,Wingull,https://scrapeme.live/wp-content/uploads/2018/08/278-350x350.png,£153.00
https://scrapeme.live/shop/Pelipper/,Pelipper,https://scrapeme.live/wp-content/uploads/2018/08/279-350x350.png,£158.00
https://scrapeme.live/shop/Ralts/,Ralts,https://scrapeme.live/wp-content/uploads/2018/08/280-350x350.png,£151.00
https://scrapeme.live/shop/Kirlia/,Kirlia,https://scrapeme.live/wp-content/uploads/2018/08/281-350x350.png,£186.00
https://scrapeme.live/shop/Gardevoir/,Gardevoir,https://scrapeme.live/wp-content/uploads/2018/08/282-350x350.png,£34.00
https://scrapeme.live/shop/Surskit/,Surskit,https://scrapeme.live/wp-content/uploads/2018/08/283-350x350.png,£112.00
https://scrapeme.live/shop/Masquerain/,Masquerain,https://scrapeme.live/wp-content/uploads/2018/08/284-350x350.png,£39.00
https://scrapeme.live/shop/Shroomish/,Shroomish,https://scrapeme.live/wp-content/uploads/2018/08/285-350x350.png,£31.00
https://scrapeme.live/shop/Breloom/,Breloom,https://scrapeme.live/wp-content/uploads/2018/08/286-350x350.png,£113.00
https://scrapeme.live/shop/Slakoth/,Slakoth,https://scrapeme.live/wp-content/uploads/2018/08/287-350x350.png,£69.00
https://scrapeme.live/shop/Vigoroth/,Vigoroth,https://scrapeme.live/wp-content/uploads/2018/08/288-350x350.png,£25.00
https://scrapeme.live/shop/Slaking/,Slaking,https://scrapeme.live/wp-content/uploads/2018/08/289-350x350.png,£119.00
https://scrapeme.live/shop/Nincada/,Nincada,https://scrapeme.live/wp-content/uploads/2018/08/290-350x350.png,£38.00
https://scrapeme.live/shop/Ninjask/,Ninjask,https://scrapeme.live/wp-content/uploads/2018/08/291-350x350.png,£161.00
https://scrapeme.live/shop/Shedinja/,Shedinja,https://scrapeme.live/wp-content/uploads/2018/08/292-350x350.png,£128.00
https://scrapeme.live/shop/Whismur/,Whismur,https://scrapeme.live/wp-content/uploads/2018/08/293-350x350.png,£137.00
https://scrapeme.live/shop/Loudred/,Loudred,https://scrapeme.live/wp-content/uploads/2018/08/294-350x350.png,£145.00
https://scrapeme.live/shop/Exploud/,Exploud,https://scrapeme.live/wp-content/uploads/2018/08/295-350x350.png,£161.00
https://scrapeme.live/shop/Makuhita/,Makuhita,https://scrapeme.live/wp-content/uploads/2018/08/296-350x350.png,£30.00
https://scrapeme.live/shop/Hariyama/,Hariyama,https://scrapeme.live/wp-content/uploads/2018/08/297-350x350.png,£176.00
https://scrapeme.live/shop/Azurill/,Azurill,https://scrapeme.live/wp-content/uploads/2018/08/298-350x350.png,£70.00
https://scrapeme.live/shop/Nosepass/,Nosepass,https://scrapeme.live/wp-content/uploads/2018/08/299-350x350.png,£41.00
https://scrapeme.live/shop/Skitty/,Skitty,https://scrapeme.live/wp-content/uploads/2018/08/300-350x350.png,£156.00
https://scrapeme.live/shop/Delcatty/,Delcatty,https://scrapeme.live/wp-content/uploads/2018/08/301-350x350.png,£170.00
https://scrapeme.live/shop/Sableye/,Sableye,https://scrapeme.live/wp-content/uploads/2018/08/302-350x350.png,£81.00
https://scrapeme.live/shop/Mawile/,Mawile,https://scrapeme.live/wp-content/uploads/2018/08/303-350x350.png,£119.00
https://scrapeme.live/shop/Aron/,Aron,https://scrapeme.live/wp-content/uploads/2018/08/304-350x350.png,£149.00
https://scrapeme.live/shop/Lairon/,Lairon,https://scrapeme.live/wp-content/uploads/2018/08/305-350x350.png,£70.00
https://scrapeme.live/shop/Aggron/,Aggron,https://scrapeme.live/wp-content/uploads/2018/08/306-350x350.png,£140.00
https://scrapeme.live/shop/Meditite/,Meditite,https://scrapeme.live/wp-content/uploads/2018/08/307-350x350.png,£97.00
https://scrapeme.live/shop/Medicham/,Medicham,https://scrapeme.live/wp-content/uploads/2018/08/308-350x350.png,£77.00
https://scrapeme.live/shop/Electrike/,Electrike,https://scrapeme.live/wp-content/uploads/2018/08/309-350x350.png,£145.00
https://scrapeme.live/shop/Manectric/,Manectric,https://scrapeme.live/wp-content/uploads/2018/08/310-350x350.png,£76.00
https://scrapeme.live/shop/Plusle/,Plusle,https://scrapeme.live/wp-content/uploads/2018/08/311-350x350.png,£56.00
https://scrapeme.live/shop/Minun/,Minun,https://scrapeme.live/wp-content/uploads/2018/08/312-350x350.png,£193.00
https://scrapeme.live/shop/Volbeat/,Volbeat,https://scrapeme.live/wp-content/uploads/2018/08/313-350x350.png,£123.00
https://scrapeme.live/shop/Illumise/,Illumise,https://scrapeme.live/wp-content/uploads/2018/08/314-350x350.png,£167.00
https://scrapeme.live/shop/Roselia/,Roselia,https://scrapeme.live/wp-content/uploads/2018/08/315-350x350.png,£90.00
https://scrapeme.live/shop/Gulpin/,Gulpin,https://scrapeme.live/wp-content/uploads/2018/08/316-350x350.png,£136.00
https://scrapeme.live/shop/Swalot/,Swalot,https://scrapeme.live/wp-content/uploads/2018/08/317-350x350.png,£130.00
https://scrapeme.live/shop/Carvanha/,Carvanha,https://scrapeme.live/wp-content/uploads/2018/08/318-350x350.png,£25.00
https://scrapeme.live/shop/Sharpedo/,Sharpedo,https://scrapeme.live/wp-content/uploads/2018/08/319-350x350.png,£129.00
https://scrapeme.live/shop/Wailmer/,Wailmer,https://scrapeme.live/wp-content/uploads/2018/08/320-350x350.png,£90.00
https://scrapeme.live/shop/Wailord/,Wailord,https://scrapeme.live/wp-content/uploads/2018/08/321-350x350.png,£150.00
https://scrapeme.live/shop/Numel/,Numel,https://scrapeme.live/wp-content/uploads/2018/08/322-350x350.png,£170.00
https://scrapeme.live/shop/Camerupt/,Camerupt,https://scrapeme.live/wp-content/uploads/2018/08/323-350x350.png,£124.00
https://scrapeme.live/shop/Torkoal/,Torkoal,https://scrapeme.live/wp-content/uploads/2018/08/324-350x350.png,£98.00
https://scrapeme.live/shop/Spoink/,Spoink,https://scrapeme.live/wp-content/uploads/2018/08/325-350x350.png,£163.00
https://scrapeme.live/shop/Grumpig/,Grumpig,https://scrapeme.live/wp-content/uploads/2018/08/326-350x350.png,£182.00
https://scrapeme.live/shop/Spinda/,Spinda,https://scrapeme.live/wp-content/uploads/2018/08/327-350x350.png,£149.00
https://scrapeme.live/shop/Trapinch/,Trapinch,https://scrapeme.live/wp-content/uploads/2018/08/328-350x350.png,£116.00
https://scrapeme.live/shop/Vibrava/,Vibrava,https://scrapeme.live/wp-content/uploads/2018/08/329-350x350.png,£200.00
https://scrapeme.live/shop/Flygon/,Flygon,https://scrapeme.live/wp-content/uploads/2018/08/330-350x350.png,£174.00
https://scrapeme.live/shop/Cacnea/,Cacnea,https://scrapeme.live/wp-content/uploads/2018/08/331-350x350.png,£105.00
https://scrapeme.live/shop/Cacturne/,Cacturne,https://scrapeme.live/wp-content/uploads/2018/08/332-350x350.png,£31.00
https://scrapeme.live/shop/Swablu/,Swablu,https://scrapeme.live/wp-content/uploads/2018/08/333-350x350.png,£121.00
https://scrapeme.live/shop/Altaria/,Altaria,https://scrapeme.live/wp-content/uploads/2018/08/334-350x350.png,£104.00
https://scrapeme.live/shop/Seviper/,Seviper,https://scrapeme.live/wp-content/uploads/2018/08/336-350x350.png,£107.00
https://scrapeme.live/shop/Lunatone/,Lunatone,https://scrapeme.live/wp-content/uploads/2018/08/337-350x350.png,£177.00
https://scrapeme.live/shop/Solrock/,Solrock,https://scrapeme.live/wp-content/uploads/2018/08/338-350x350.png,£57.00
https://scrapeme.live/shop/Whiscash/,Whiscash,https://scrapeme.live/wp-content/uploads/2018/08/340-350x350.png,£179.00
https://scrapeme.live/shop/Corphish/,Corphish,https://scrapeme.live/wp-content/uploads/2018/08/341-350x350.png,£178.00
https://scrapeme.live/shop/Crawdaunt/,Crawdaunt,https://scrapeme.live/wp-content/uploads/2018/08/342-350x350.png,£173.00
https://scrapeme.live/shop/Baltoy/,Baltoy,https://scrapeme.live/wp-content/uploads/2018/08/343-350x350.png,£167.00
https://scrapeme.live/shop/Claydol/,Claydol,https://scrapeme.live/wp-content/uploads/2018/08/344-350x350.png,£197.00
https://scrapeme.live/shop/Lileep/,Lileep,https://scrapeme.live/wp-content/uploads/2018/08/345-350x350.png,£87.00
https://scrapeme.live/shop/Cradily/,Cradily,https://scrapeme.live/wp-content/uploads/2018/08/346-350x350.png,£154.00
https://scrapeme.live/shop/Anorith/,Anorith,https://scrapeme.live/wp-content/uploads/2018/08/347-350x350.png,£64.00
https://scrapeme.live/shop/Armaldo/,Armaldo,https://scrapeme.live/wp-content/uploads/2018/08/348-350x350.png,£42.00
https://scrapeme.live/shop/Feebas/,Feebas,https://scrapeme.live/wp-content/uploads/2018/08/349-350x350.png,£194.00
https://scrapeme.live/shop/Milotic/,Milotic,https://scrapeme.live/wp-content/uploads/2018/08/350-350x350.png,£152.00
https://scrapeme.live/shop/Castform/,Castform,https://scrapeme.live/wp-content/uploads/2018/08/351-350x350.png,£119.00
https://scrapeme.live/shop/Kecleon/,Kecleon,https://scrapeme.live/wp-content/uploads/2018/08/352-350x350.png,£100.00
https://scrapeme.live/shop/Shuppet/,Shuppet,https://scrapeme.live/wp-content/uploads/2018/08/353-350x350.png,£174.00
https://scrapeme.live/shop/Banette/,Banette,https://scrapeme.live/wp-content/uploads/2018/08/354-350x350.png,£104.00
https://scrapeme.live/shop/Duskull/,Duskull,https://scrapeme.live/wp-content/uploads/2018/08/355-350x350.png,£139.00
https://scrapeme.live/shop/Dusclops/,Dusclops,https://scrapeme.live/wp-content/uploads/2018/08/356-350x350.png,£39.00
https://scrapeme.live/shop/Tropius/,Tropius,https://scrapeme.live/wp-content/uploads/2018/08/357-350x350.png,£196.00
https://scrapeme.live/shop/Chimecho/,Chimecho,https://scrapeme.live/wp-content/uploads/2018/08/358-350x350.png,£51.00
https://scrapeme.live/shop/Absol/,Absol,https://scrapeme.live/wp-content/uploads/2018/08/359-350x350.png,£134.00
https://scrapeme.live/shop/Wynaut/,Wynaut,https://scrapeme.live/wp-content/uploads/2018/08/360-350x350.png,£168.00
https://scrapeme.live/shop/Snorunt/,Snorunt,https://scrapeme.live/wp-content/uploads/2018/08/361-350x350.png,£82.00
https://scrapeme.live/shop/Glalie/,Glalie,https://scrapeme.live/wp-content/uploads/2018/08/362-350x350.png,£178.00
https://scrapeme.live/shop/Spheal/,Spheal,https://scrapeme.live/wp-content/uploads/2018/08/363-350x350.png,£193.00
https://scrapeme.live/shop/Sealeo/,Sealeo,https://scrapeme.live/wp-content/uploads/2018/08/364-350x350.png,£160.00
https://scrapeme.live/shop/Walrein/,Walrein,https://scrapeme.live/wp-content/uploads/2018/08/365-350x350.png,£27.00
https://scrapeme.live/shop/Clamperl/,Clamperl,https://scrapeme.live/wp-content/uploads/2018/08/366-350x350.png,£48.00
https://scrapeme.live/shop/Huntail/,Huntail,https://scrapeme.live/wp-content/uploads/2018/08/367-350x350.png,£52.00
https://scrapeme.live/shop/Gorebyss/,Gorebyss,https://scrapeme.live/wp-content/uploads/2018/08/368-350x350.png,£150.00
https://scrapeme.live/shop/Relicanth/,Relicanth,https://scrapeme.live/wp-content/uploads/2018/08/369-350x350.png,£157.00
https://scrapeme.live/shop/Luvdisc/,Luvdisc,https://scrapeme.live/wp-content/uploads/2018/08/370-350x350.png,£44.00
https://scrapeme.live/shop/Bagon/,Bagon,https://scrapeme.live/wp-content/uploads/2018/08/371-350x350.png,£34.00
https://scrapeme.live/shop/Shelgon/,Shelgon,https://scrapeme.live/wp-content/uploads/2018/08/372-350x350.png,£56.00
https://scrapeme.live/shop/Salamence/,Salamence,https://scrapeme.live/wp-content/uploads/2018/08/373-350x350.png,£62.00
https://scrapeme.live/shop/Beldum/,Beldum,https://scrapeme.live/wp-content/uploads/2018/08/374-350x350.png,£122.00
https://scrapeme.live/shop/Metang/,Metang,https://scrapeme.live/wp-content/uploads/2018/08/375-350x350.png,£78.00
https://scrapeme.live/shop/Metagross/,Metagross,https://scrapeme.live/wp-content/uploads/2018/08/376-350x350.png,£170.00
https://scrapeme.live/shop/Regirock/,Regirock,https://scrapeme.live/wp-content/uploads/2018/08/377-350x350.png,£66.00
https://scrapeme.live/shop/Regice/,Regice,https://scrapeme.live/wp-content/uploads/2018/08/378-350x350.png,£165.00
https://scrapeme.live/shop/Registeel/,Registeel,https://scrapeme.live/wp-content/uploads/2018/08/379-350x350.png,£196.00
https://scrapeme.live/shop/Latias/,Latias,https://scrapeme.live/wp-content/uploads/2018/08/380-350x350.png,£126.00
https://scrapeme.live/shop/Latios/,Latios,https://scrapeme.live/wp-content/uploads/2018/08/381-350x350.png,£166.00
https://scrapeme.live/shop/Kyogre/,Kyogre,https://scrapeme.live/wp-content/uploads/2018/08/382-350x350.png,£27.00
https://scrapeme.live/shop/Groudon/,Groudon,https://scrapeme.live/wp-content/uploads/2018/08/383-350x350.png,£124.00
https://scrapeme.live/shop/Rayquaza/,Rayquaza,https://scrapeme.live/wp-content/uploads/2018/08/384-350x350.png,£97.00
https://scrapeme.live/shop/Jirachi/,Jirachi,https://scrapeme.live/wp-content/uploads/2018/08/385-350x350.png,£111.00
https://scrapeme.live/shop/Turtwig/,Turtwig,https://scrapeme.live/wp-content/uploads/2018/08/387-350x350.png,£101.00
https://scrapeme.live/shop/Grotle/,Grotle,https://scrapeme.live/wp-content/uploads/2018/08/388-350x350.png,£154.00
https://scrapeme.live/shop/Torterra/,Torterra,https://scrapeme.live/wp-content/uploads/2018/08/389-350x350.png,£87.00
https://scrapeme.live/shop/Chimchar/,Chimchar,https://scrapeme.live/wp-content/uploads/2018/08/390-350x350.png,£143.00
https://scrapeme.live/shop/Monferno/,Monferno,https://scrapeme.live/wp-content/uploads/2018/08/391-350x350.png,£68.00
https://scrapeme.live/shop/Infernape/,Infernape,https://scrapeme.live/wp-content/uploads/2018/08/392-350x350.png,£165.00
https://scrapeme.live/shop/Prinplup/,Prinplup,https://scrapeme.live/wp-content/uploads/2018/08/394-350x350.png,£177.00
https://scrapeme.live/shop/Empoleon/,Empoleon,https://scrapeme.live/wp-content/uploads/2018/08/395-350x350.png,£42.00
https://scrapeme.live/shop/Starly/,Starly,https://scrapeme.live/wp-content/uploads/2018/08/396-350x350.png,£59.00
https://scrapeme.live/shop/Staravia/,Staravia,https://scrapeme.live/wp-content/uploads/2018/08/397-350x350.png,£158.00
https://scrapeme.live/shop/Staraptor/,Staraptor,https://scrapeme.live/wp-content/uploads/2018/08/398-350x350.png,£42.00
https://scrapeme.live/shop/Bidoof/,Bidoof,https://scrapeme.live/wp-content/uploads/2018/08/399-350x350.png,£128.00
https://scrapeme.live/shop/Bibarel/,Bibarel,https://scrapeme.live/wp-content/uploads/2018/08/400-350x350.png,£114.00
https://scrapeme.live/shop/Kricketot/,Kricketot,https://scrapeme.live/wp-content/uploads/2018/08/401-350x350.png,£94.00
https://scrapeme.live/shop/Kricketune/,Kricketune,https://scrapeme.live/wp-content/uploads/2018/08/402-350x350.png,£53.00
https://scrapeme.live/shop/Shinx/,Shinx,https://scrapeme.live/wp-content/uploads/2018/08/403-350x350.png,£149.00
https://scrapeme.live/shop/Luxio/,Luxio,https://scrapeme.live/wp-content/uploads/2018/08/404-350x350.png,£168.00
https://scrapeme.live/shop/Luxray/,Luxray,https://scrapeme.live/wp-content/uploads/2018/08/405-350x350.png,£43.00
https://scrapeme.live/shop/Budew/,Budew,https://scrapeme.live/wp-content/uploads/2018/08/406-350x350.png,£171.00
https://scrapeme.live/shop/Roserade/,Roserade,https://scrapeme.live/wp-content/uploads/2018/08/407-350x350.png,£155.00
https://scrapeme.live/shop/Cranidos/,Cranidos,https://scrapeme.live/wp-content/uploads/2018/08/408-350x350.png,£47.00
https://scrapeme.live/shop/Rampardos/,Rampardos,https://scrapeme.live/wp-content/uploads/2018/08/409-350x350.png,£196.00
https://scrapeme.live/shop/Shieldon/,Shieldon,https://scrapeme.live/wp-content/uploads/2018/08/410-350x350.png,£42.00
https://scrapeme.live/shop/Bastiodon/,Bastiodon,https://scrapeme.live/wp-content/uploads/2018/08/411-350x350.png,£191.00
https://scrapeme.live/shop/Burmy/,Burmy,https://scrapeme.live/wp-content/uploads/2018/08/412-350x350.png,£91.00
https://scrapeme.live/shop/Mothim/,Mothim,https://scrapeme.live/wp-content/uploads/2018/08/414-350x350.png,£177.00
https://scrapeme.live/shop/Combee/,Combee,https://scrapeme.live/wp-content/uploads/2018/08/415-350x350.png,£111.00
https://scrapeme.live/shop/Vespiquen/,Vespiquen,https://scrapeme.live/wp-content/uploads/2018/08/416-350x350.png,£104.00
https://scrapeme.live/shop/Pachirisu/,Pachirisu,https://scrapeme.live/wp-content/uploads/2018/08/417-350x350.png,£151.00
https://scrapeme.live/shop/Buizel/,Buizel,https://scrapeme.live/wp-content/uploads/2018/08/418-350x350.png,£55.00
https://scrapeme.live/shop/Floatzel/,Floatzel,https://scrapeme.live/wp-content/uploads/2018/08/419-350x350.png,£40.00
https://scrapeme.live/shop/Cherubi/,Cherubi,https://scrapeme.live/wp-content/uploads/2018/08/420-350x350.png,£101.00
https://scrapeme.live/shop/Cherrim/,Cherrim,https://scrapeme.live/wp-content/uploads/2018/08/421-350x350.png,£161.00
https://scrapeme.live/shop/Shellos/,Shellos,https://scrapeme.live/wp-content/uploads/2018/08/422-350x350.png,£163.00
https://scrapeme.live/shop/Gastrodon/,Gastrodon,https://scrapeme.live/wp-content/uploads/2018/08/423-350x350.png,£148.00
https://scrapeme.live/shop/Ambipom/,Ambipom,https://scrapeme.live/wp-content/uploads/2018/08/424-350x350.png,£36.00
https://scrapeme.live/shop/Drifloon/,Drifloon,https://scrapeme.live/wp-content/uploads/2018/08/425-350x350.png,£70.00
https://scrapeme.live/shop/Drifblim/,Drifblim,https://scrapeme.live/wp-content/uploads/2018/08/426-350x350.png,£36.00
https://scrapeme.live/shop/Buneary/,Buneary,https://scrapeme.live/wp-content/uploads/2018/08/427-350x350.png,£180.00
https://scrapeme.live/shop/Lopunny/,Lopunny,https://scrapeme.live/wp-content/uploads/2018/08/428-350x350.png,£123.00
https://scrapeme.live/shop/Mismagius/,Mismagius,https://scrapeme.live/wp-content/uploads/2018/08/429-350x350.png,£38.00
https://scrapeme.live/shop/Honchkrow/,Honchkrow,https://scrapeme.live/wp-content/uploads/2018/08/430-350x350.png,£47.00
https://scrapeme.live/shop/Glameow/,Glameow,https://scrapeme.live/wp-content/uploads/2018/08/431-350x350.png,£39.00
https://scrapeme.live/shop/Purugly/,Purugly,https://scrapeme.live/wp-content/uploads/2018/08/432-350x350.png,£128.00
https://scrapeme.live/shop/Stunky/,Stunky,https://scrapeme.live/wp-content/uploads/2018/08/434-350x350.png,£106.00
https://scrapeme.live/shop/Skuntank/,Skuntank,https://scrapeme.live/wp-content/uploads/2018/08/435-350x350.png,£112.00
https://scrapeme.live/shop/Bronzong/,Bronzong,https://scrapeme.live/wp-content/uploads/2018/08/437-350x350.png,£110.00
https://scrapeme.live/shop/Bonsly/,Bonsly,https://scrapeme.live/wp-content/uploads/2018/08/438-350x350.png,£106.00
https://scrapeme.live/shop/Mime-jr/,Mime-jr,https://scrapeme.live/wp-content/uploads/2018/08/439-350x350.png,£170.00
https://scrapeme.live/shop/Happiny/,Happiny,https://scrapeme.live/wp-content/uploads/2018/08/440-350x350.png,£67.00
https://scrapeme.live/shop/Chatot/,Chatot,https://scrapeme.live/wp-content/uploads/2018/08/441-350x350.png,£78.00
https://scrapeme.live/shop/Spiritomb/,Spiritomb,https://scrapeme.live/wp-content/uploads/2018/08/442-350x350.png,£165.00
https://scrapeme.live/shop/Gible/,Gible,https://scrapeme.live/wp-content/uploads/2018/08/443-350x350.png,£194.00
https://scrapeme.live/shop/Gabite/,Gabite,https://scrapeme.live/wp-content/uploads/2018/08/444-350x350.png,£154.00
https://scrapeme.live/shop/Garchomp/,Garchomp,https://scrapeme.live/wp-content/uploads/2018/08/445-350x350.png,£62.00
https://scrapeme.live/shop/Munchlax/,Munchlax,https://scrapeme.live/wp-content/uploads/2018/08/446-350x350.png,£190.00
https://scrapeme.live/shop/Riolu/,Riolu,https://scrapeme.live/wp-content/uploads/2018/08/447-350x350.png,£70.00
https://scrapeme.live/shop/Lucario/,Lucario,https://scrapeme.live/wp-content/uploads/2018/08/448-350x350.png,£102.00
https://scrapeme.live/shop/Hippopotas/,Hippopotas,https://scrapeme.live/wp-content/uploads/2018/08/449-350x350.png,£189.00
https://scrapeme.live/shop/Hippowdon/,Hippowdon,https://scrapeme.live/wp-content/uploads/2018/08/450-350x350.png,£140.00
https://scrapeme.live/shop/Skorupi/,Skorupi,https://scrapeme.live/wp-content/uploads/2018/08/451-350x350.png,£51.00
https://scrapeme.live/shop/Drapion/,Drapion,https://scrapeme.live/wp-content/uploads/2018/08/452-350x350.png,£72.00
https://scrapeme.live/shop/Croagunk/,Croagunk,https://scrapeme.live/wp-content/uploads/2018/08/453-350x350.png,£145.00
https://scrapeme.live/shop/Toxicroak/,Toxicroak,https://scrapeme.live/wp-content/uploads/2018/08/454-350x350.png,£145.00
https://scrapeme.live/shop/Carnivine/,Carnivine,https://scrapeme.live/wp-content/uploads/2018/08/455-350x350.png,£60.00
https://scrapeme.live/shop/Finneon/,Finneon,https://scrapeme.live/wp-content/uploads/2018/08/456-350x350.png,£172.00
https://scrapeme.live/shop/Lumineon/,Lumineon,https://scrapeme.live/wp-content/uploads/2018/08/457-350x350.png,£72.00
https://scrapeme.live/shop/Mantyke/,Mantyke,https://scrapeme.live/wp-content/uploads/2018/08/458-350x350.png,£121.00
https://scrapeme.live/shop/Snover/,Snover,https://scrapeme.live/wp-content/uploads/2018/08/459-350x350.png,£104.00
https://scrapeme.live/shop/Abomasnow/,Abomasnow,https://scrapeme.live/wp-content/uploads/2018/08/460-350x350.png,£46.00
https://scrapeme.live/shop/Magnezone/,Magnezone,https://scrapeme.live/wp-content/uploads/2018/08/462-350x350.png,£190.00
https://scrapeme.live/shop/Lickilicky/,Lickilicky,https://scrapeme.live/wp-content/uploads/2018/08/463-350x350.png,£101.00
https://scrapeme.live/shop/Rhyperior/,Rhyperior,https://scrapeme.live/wp-content/uploads/2018/08/464-350x350.png,£79.00
https://scrapeme.live/shop/Tangrowth/,Tangrowth,https://scrapeme.live/wp-content/uploads/2018/08/465-350x350.png,£108.00
https://scrapeme.live/shop/Electivire/,Electivire,https://scrapeme.live/wp-content/uploads/2018/08/466-350x350.png,£61.00
https://scrapeme.live/shop/Magmortar/,Magmortar,https://scrapeme.live/wp-content/uploads/2018/08/467-350x350.png,£200.00
https://scrapeme.live/shop/Togekiss/,Togekiss,https://scrapeme.live/wp-content/uploads/2018/08/468-350x350.png,£158.00
https://scrapeme.live/shop/Yanmega/,Yanmega,https://scrapeme.live/wp-content/uploads/2018/08/469-350x350.png,£121.00
https://scrapeme.live/shop/Leafeon/,Leafeon,https://scrapeme.live/wp-content/uploads/2018/08/470-350x350.png,£93.00
https://scrapeme.live/shop/Glaceon/,Glaceon,https://scrapeme.live/wp-content/uploads/2018/08/471-350x350.png,£142.00
https://scrapeme.live/shop/Gliscor/,Gliscor,https://scrapeme.live/wp-content/uploads/2018/08/472-350x350.png,£28.00
https://scrapeme.live/shop/Mamoswine/,Mamoswine,https://scrapeme.live/wp-content/uploads/2018/08/473-350x350.png,£104.00
https://scrapeme.live/shop/Gallade/,Gallade,https://scrapeme.live/wp-content/uploads/2018/08/475-350x350.png,£149.00
https://scrapeme.live/shop/Probopass/,Probopass,https://scrapeme.live/wp-content/uploads/2018/08/476-350x350.png,£181.00
https://scrapeme.live/shop/Dusknoir/,Dusknoir,https://scrapeme.live/wp-content/uploads/2018/08/477-350x350.png,£158.00
https://scrapeme.live/shop/Froslass/,Froslass,https://scrapeme.live/wp-content/uploads/2018/08/478-350x350.png,£86.00
https://scrapeme.live/shop/Rotom/,Rotom,https://scrapeme.live/wp-content/uploads/2018/08/479-350x350.png,£42.00
https://scrapeme.live/shop/Uxie/,Uxie,https://scrapeme.live/wp-content/uploads/2018/08/480-350x350.png,£200.00
https://scrapeme.live/shop/Mesprit/,Mesprit,https://scrapeme.live/wp-content/uploads/2018/08/481-350x350.png,£25.00
https://scrapeme.live/shop/Azelf/,Azelf,https://scrapeme.live/wp-content/uploads/2018/08/482-350x350.png,£32.00
https://scrapeme.live/shop/Dialga/,Dialga,https://scrapeme.live/wp-content/uploads/2018/08/483-350x350.png,£179.00
https://scrapeme.live/shop/Palkia/,Palkia,https://scrapeme.live/wp-content/uploads/2018/08/484-350x350.png,£151.00
https://scrapeme.live/shop/Heatran/,Heatran,https://scrapeme.live/wp-content/uploads/2018/08/485-350x350.png,£142.00
https://scrapeme.live/shop/Regigigas/,Regigigas,https://scrapeme.live/wp-content/uploads/2018/08/486-350x350.png,£77.00
https://scrapeme.live/shop/Cresselia/,Cresselia,https://scrapeme.live/wp-content/uploads/2018/08/488-350x350.png,£34.00
https://scrapeme.live/shop/Phione/,Phione,https://scrapeme.live/wp-content/uploads/2018/08/489-350x350.png,£155.00
https://scrapeme.live/shop/Manaphy/,Manaphy,https://scrapeme.live/wp-content/uploads/2018/08/490-350x350.png,£74.00
https://scrapeme.live/shop/Darkrai/,Darkrai,https://scrapeme.live/wp-content/uploads/2018/08/491-350x350.png,£59.00
https://scrapeme.live/shop/Arceus/,Arceus,https://scrapeme.live/wp-content/uploads/2018/08/493-350x350.png,£53.00
https://scrapeme.live/shop/Victini/,Victini,https://scrapeme.live/wp-content/uploads/2018/08/494-350x350.png,£109.00
https://scrapeme.live/shop/Snivy/,Snivy,https://scrapeme.live/wp-content/uploads/2018/08/495-350x350.png,£102.00
https://scrapeme.live/shop/Servine/,Servine,https://scrapeme.live/wp-content/uploads/2018/08/496-350x350.png,£154.00
https://scrapeme.live/shop/Serperior/,Serperior,https://scrapeme.live/wp-content/uploads/2018/08/497-350x350.png,£88.00
https://scrapeme.live/shop/Tepig/,Tepig,https://scrapeme.live/wp-content/uploads/2018/08/498-350x350.png,£195.00
https://scrapeme.live/shop/Pignite/,Pignite,https://scrapeme.live/wp-content/uploads/2018/08/499-350x350.png,£149.00
https://scrapeme.live/shop/Emboar/,Emboar,https://scrapeme.live/wp-content/uploads/2018/08/500-350x350.png,£32.00
https://scrapeme.live/shop/Oshawott/,Oshawott,https://scrapeme.live/wp-content/uploads/2018/08/501-350x350.png,£194.00
https://scrapeme.live/shop/Dewott/,Dewott,https://scrapeme.live/wp-content/uploads/2018/08/502-350x350.png,£57.00
https://scrapeme.live/shop/Samurott/,Samurott,https://scrapeme.live/wp-content/uploads/2018/08/503-350x350.png,£106.00
https://scrapeme.live/shop/Patrat/,Patrat,https://scrapeme.live/wp-content/uploads/2018/08/504-350x350.png,£116.00
https://scrapeme.live/shop/Watchog/,Watchog,https://scrapeme.live/wp-content/uploads/2018/08/505-350x350.png,£141.00
https://scrapeme.live/shop/Lillipup/,Lillipup,https://scrapeme.live/wp-content/uploads/2018/08/506-350x350.png,£28.00
https://scrapeme.live/shop/Herdier/,Herdier,https://scrapeme.live/wp-content/uploads/2018/08/507-350x350.png,£164.00
https://scrapeme.live/shop/Stoutland/,Stoutland,https://scrapeme.live/wp-content/uploads/2018/08/508-350x350.png,£37.00
https://scrapeme.live/shop/Purrloin/,Purrloin,https://scrapeme.live/wp-content/uploads/2018/08/509-350x350.png,£167.00
https://scrapeme.live/shop/Liepard/,Liepard,https://scrapeme.live/wp-content/uploads/2018/08/510-350x350.png,£104.00
https://scrapeme.live/shop/Pansage/,Pansage,https://scrapeme.live/wp-content/uploads/2018/08/511-350x350.png,£197.00
https://scrapeme.live/shop/Simisage/,Simisage,https://scrapeme.live/wp-content/uploads/2018/08/512-350x350.png,£98.00
https://scrapeme.live/shop/Pansear/,Pansear,https://scrapeme.live/wp-content/uploads/2018/08/513-350x350.png,£194.00
https://scrapeme.live/shop/Simisear/,Simisear,https://scrapeme.live/wp-content/uploads/2018/08/514-350x350.png,£38.00
https://scrapeme.live/shop/Panpour/,Panpour,https://scrapeme.live/wp-content/uploads/2018/08/515-350x350.png,£52.00
https://scrapeme.live/shop/Simipour/,Simipour,https://scrapeme.live/wp-content/uploads/2018/08/516-350x350.png,£61.00
https://scrapeme.live/shop/Munna/,Munna,https://scrapeme.live/wp-content/uploads/2018/08/517-350x350.png,£172.00
https://scrapeme.live/shop/Musharna/,Musharna,https://scrapeme.live/wp-content/uploads/2018/08/518-350x350.png,£58.00
https://scrapeme.live/shop/Pidove/,Pidove,https://scrapeme.live/wp-content/uploads/2018/08/519-350x350.png,£172.00
https://scrapeme.live/shop/Tranquill/,Tranquill,https://scrapeme.live/wp-content/uploads/2018/08/520-350x350.png,£199.00
https://scrapeme.live/shop/Unfezant/,Unfezant,https://scrapeme.live/wp-content/uploads/2018/08/521-350x350.png,£135.00
https://scrapeme.live/shop/Zebstrika/,Zebstrika,https://scrapeme.live/wp-content/uploads/2018/08/523-350x350.png,£138.00
https://scrapeme.live/shop/Roggenrola/,Roggenrola,https://scrapeme.live/wp-content/uploads/2018/08/524-350x350.png,£41.00
https://scrapeme.live/shop/Boldore/,Boldore,https://scrapeme.live/wp-content/uploads/2018/08/525-350x350.png,£76.00
https://scrapeme.live/shop/Gigalith/,Gigalith,https://scrapeme.live/wp-content/uploads/2018/08/526-350x350.png,£67.00
https://scrapeme.live/shop/Woobat/,Woobat,https://scrapeme.live/wp-content/uploads/2018/08/527-350x350.png,£27.00
https://scrapeme.live/shop/Swoobat/,Swoobat,https://scrapeme.live/wp-content/uploads/2018/08/528-350x350.png,£49.00
https://scrapeme.live/shop/Drilbur/,Drilbur,https://scrapeme.live/wp-content/uploads/2018/08/529-350x350.png,£132.00
https://scrapeme.live/shop/Excadrill/,Excadrill,https://scrapeme.live/wp-content/uploads/2018/08/530-350x350.png,£36.00
https://scrapeme.live/shop/Audino/,Audino,https://scrapeme.live/wp-content/uploads/2018/08/531-350x350.png,£95.00
https://scrapeme.live/shop/Timburr/,Timburr,https://scrapeme.live/wp-content/uploads/2018/08/532-350x350.png,£194.00
https://scrapeme.live/shop/Gurdurr/,Gurdurr,https://scrapeme.live/wp-content/uploads/2018/08/533-350x350.png,£179.00
https://scrapeme.live/shop/Conkeldurr/,Conkeldurr,https://scrapeme.live/wp-content/uploads/2018/08/534-350x350.png,£72.00
https://scrapeme.live/shop/Palpitoad/,Palpitoad,https://scrapeme.live/wp-content/uploads/2018/08/536-350x350.png,£117.00
https://scrapeme.live/shop/Seismitoad/,Seismitoad,https://scrapeme.live/wp-content/uploads/2018/08/537-350x350.png,£90.00
https://scrapeme.live/shop/Throh/,Throh,https://scrapeme.live/wp-content/uploads/2018/08/538-350x350.png,£43.00
https://scrapeme.live/shop/Sawk/,Sawk,https://scrapeme.live/wp-content/uploads/2018/08/539-350x350.png,£129.00
https://scrapeme.live/shop/Sewaddle/,Sewaddle,https://scrapeme.live/wp-content/uploads/2018/08/540-350x350.png,£40.00
https://scrapeme.live/shop/Swadloon/,Swadloon,https://scrapeme.live/wp-content/uploads/2018/08/541-350x350.png,£107.00
https://scrapeme.live/shop/Leavanny/,Leavanny,https://scrapeme.live/wp-content/uploads/2018/08/542-350x350.png,£130.00
https://scrapeme.live/shop/Venipede/,Venipede,https://scrapeme.live/wp-content/uploads/2018/08/543-350x350.png,£87.00
https://scrapeme.live/shop/Whirlipede/,Whirlipede,https://scrapeme.live/wp-content/uploads/2018/08/544-350x350.png,£84.00
https://scrapeme.live/shop/Scolipede/,Scolipede,https://scrapeme.live/wp-content/uploads/2018/08/545-350x350.png,£153.00
https://scrapeme.live/shop/Cottonee/,Cottonee,https://scrapeme.live/wp-content/uploads/2018/08/546-350x350.png,£77.00
https://scrapeme.live/shop/Whimsicott/,Whimsicott,https://scrapeme.live/wp-content/uploads/2018/08/547-350x350.png,£26.00
https://scrapeme.live/shop/Petilil/,Petilil,https://scrapeme.live/wp-content/uploads/2018/08/548-350x350.png,£118.00
https://scrapeme.live/shop/Lilligant/,Lilligant,https://scrapeme.live/wp-content/uploads/2018/08/549-350x350.png,£137.00
https://scrapeme.live/shop/Sandile/,Sandile,https://scrapeme.live/wp-content/uploads/2018/08/551-350x350.png,£136.00
https://scrapeme.live/shop/Krokorok/,Krokorok,https://scrapeme.live/wp-content/uploads/2018/08/552-350x350.png,£135.00
https://scrapeme.live/shop/Krookodile/,Krookodile,https://scrapeme.live/wp-content/uploads/2018/08/553-350x350.png,£185.00
https://scrapeme.live/shop/Darumaka/,Darumaka,https://scrapeme.live/wp-content/uploads/2018/08/554-350x350.png,£106.00
https://scrapeme.live/shop/Maractus/,Maractus,https://scrapeme.live/wp-content/uploads/2018/08/556-350x350.png,£31.00
https://scrapeme.live/shop/Dwebble/,Dwebble,https://scrapeme.live/wp-content/uploads/2018/08/557-350x350.png,£75.00
https://scrapeme.live/shop/Crustle/,Crustle,https://scrapeme.live/wp-content/uploads/2018/08/558-350x350.png,£105.00
https://scrapeme.live/shop/Scraggy/,Scraggy,https://scrapeme.live/wp-content/uploads/2018/08/559-350x350.png,£112.00
https://scrapeme.live/shop/Scrafty/,Scrafty,https://scrapeme.live/wp-content/uploads/2018/08/560-350x350.png,£137.00
https://scrapeme.live/shop/Sigilyph/,Sigilyph,https://scrapeme.live/wp-content/uploads/2018/08/561-350x350.png,£68.00
https://scrapeme.live/shop/Yamask/,Yamask,https://scrapeme.live/wp-content/uploads/2018/08/562-350x350.png,£171.00
https://scrapeme.live/shop/Cofagrigus/,Cofagrigus,https://scrapeme.live/wp-content/uploads/2018/08/563-350x350.png,£160.00
https://scrapeme.live/shop/Tirtouga/,Tirtouga,https://scrapeme.live/wp-content/uploads/2018/08/564-350x350.png,£60.00
https://scrapeme.live/shop/Carracosta/,Carracosta,https://scrapeme.live/wp-content/uploads/2018/08/565-350x350.png,£158.00
https://scrapeme.live/shop/Archen/,Archen,https://scrapeme.live/wp-content/uploads/2018/08/566-350x350.png,£140.00
https://scrapeme.live/shop/Archeops/,Archeops,https://scrapeme.live/wp-content/uploads/2018/08/567-350x350.png,£126.00
https://scrapeme.live/shop/Trubbish/,Trubbish,https://scrapeme.live/wp-content/uploads/2018/08/568-350x350.png,£169.00
https://scrapeme.live/shop/Garbodor/,Garbodor,https://scrapeme.live/wp-content/uploads/2018/08/569-350x350.png,£178.00
https://scrapeme.live/shop/Zorua/,Zorua,https://scrapeme.live/wp-content/uploads/2018/08/570-350x350.png,£81.00
https://scrapeme.live/shop/Minccino/,Minccino,https://scrapeme.live/wp-content/uploads/2018/08/572-350x350.png,£79.00
https://scrapeme.live/shop/Cinccino/,Cinccino,https://scrapeme.live/wp-content/uploads/2018/08/573-350x350.png,£154.00
https://scrapeme.live/shop/Gothita/,Gothita,https://scrapeme.live/wp-content/uploads/2018/08/574-350x350.png,£68.00
https://scrapeme.live/shop/Gothorita/,Gothorita,https://scrapeme.live/wp-content/uploads/2018/08/575-350x350.png,£189.00
https://scrapeme.live/shop/Gothitelle/,Gothitelle,https://scrapeme.live/wp-content/uploads/2018/08/576-350x350.png,£164.00
https://scrapeme.live/shop/Solosis/,Solosis,https://scrapeme.live/wp-content/uploads/2018/08/577-350x350.png,£134.00
https://scrapeme.live/shop/Duosion/,Duosion,https://scrapeme.live/wp-content/uploads/2018/08/578-350x350.png,£71.00
https://scrapeme.live/shop/Reuniclus/,Reuniclus,https://scrapeme.live/wp-content/uploads/2018/08/579-350x350.png,£168.00
https://scrapeme.live/shop/Ducklett/,Ducklett,https://scrapeme.live/wp-content/uploads/2018/08/580-350x350.png,£159.00
https://scrapeme.live/shop/Swanna/,Swanna,https://scrapeme.live/wp-content/uploads/2018/08/581-350x350.png,£36.00
https://scrapeme.live/shop/Vanillite/,Vanillite,https://scrapeme.live/wp-content/uploads/2018/08/582-350x350.png,£108.00
https://scrapeme.live/shop/Vanillish/,Vanillish,https://scrapeme.live/wp-content/uploads/2018/08/583-350x350.png,£93.00
https://scrapeme.live/shop/Vanilluxe/,Vanilluxe,https://scrapeme.live/wp-content/uploads/2018/08/584-350x350.png,£89.00
https://scrapeme.live/shop/Deerling/,Deerling,https://scrapeme.live/wp-content/uploads/2018/08/585-350x350.png,£141.00
https://scrapeme.live/shop/Sawsbuck/,Sawsbuck,https://scrapeme.live/wp-content/uploads/2018/08/586-350x350.png,£76.00
https://scrapeme.live/shop/Karrablast/,Karrablast,https://scrapeme.live/wp-content/uploads/2018/08/588-350x350.png,£41.00
https://scrapeme.live/shop/Escavalier/,Escavalier,https://scrapeme.live/wp-content/uploads/2018/08/589-350x350.png,£189.00
https://scrapeme.live/shop/Foongus/,Foongus,https://scrapeme.live/wp-content/uploads/2018/08/590-350x350.png,£129.00
https://scrapeme.live/shop/Frillish/,Frillish,https://scrapeme.live/wp-content/uploads/2018/08/592-350x350.png,£63.00
https://scrapeme.live/shop/Jellicent/,Jellicent,https://scrapeme.live/wp-content/uploads/2018/08/593-350x350.png,£114.00
https://scrapeme.live/shop/Alomomola/,Alomomola,https://scrapeme.live/wp-content/uploads/2018/08/594-350x350.png,£35.00
https://scrapeme.live/shop/Joltik/,Joltik,https://scrapeme.live/wp-content/uploads/2018/08/595-350x350.png,£59.00
https://scrapeme.live/shop/Galvantula/,Galvantula,https://scrapeme.live/wp-content/uploads/2018/08/596-350x350.png,£57.00
https://scrapeme.live/shop/Ferroseed/,Ferroseed,https://scrapeme.live/wp-content/uploads/2018/08/597-350x350.png,£81.00
https://scrapeme.live/shop/Ferrothorn/,Ferrothorn,https://scrapeme.live/wp-content/uploads/2018/08/598-350x350.png,£182.00
https://scrapeme.live/shop/Klink/,Klink,https://scrapeme.live/wp-content/uploads/2018/08/599-350x350.png,£75.00
https://scrapeme.live/shop/Klang/,Klang,https://scrapeme.live/wp-content/uploads/2018/08/600-350x350.png,£162.00
https://scrapeme.live/shop/Klinklang/,Klinklang,https://scrapeme.live/wp-content/uploads/2018/08/601-350x350.png,£178.00
https://scrapeme.live/shop/Tynamo/,Tynamo,https://scrapeme.live/wp-content/uploads/2018/08/602-350x350.png,£82.00
https://scrapeme.live/shop/Eelektrik/,Eelektrik,https://scrapeme.live/wp-content/uploads/2018/08/603-350x350.png,£198.00
https://scrapeme.live/shop/Eelektross/,Eelektross,https://scrapeme.live/wp-content/uploads/2018/08/604-350x350.png,£123.00
https://scrapeme.live/shop/Elgyem/,Elgyem,https://scrapeme.live/wp-content/uploads/2018/08/605-350x350.png,£107.00
https://scrapeme.live/shop/Beheeyem/,Beheeyem,https://scrapeme.live/wp-content/uploads/2018/08/606-350x350.png,£34.00
https://scrapeme.live/shop/Litwick/,Litwick,https://scrapeme.live/wp-content/uploads/2018/08/607-350x350.png,£37.00
https://scrapeme.live/shop/Lampent/,Lampent,https://scrapeme.live/wp-content/uploads/2018/08/608-350x350.png,£157.00
https://scrapeme.live/shop/Axew/,Axew,https://scrapeme.live/wp-content/uploads/2018/08/610-350x350.png,£123.00
https://scrapeme.live/shop/Fraxure/,Fraxure,https://scrapeme.live/wp-content/uploads/2018/08/611-350x350.png,£64.00
https://scrapeme.live/shop/Haxorus/,Haxorus,https://scrapeme.live/wp-content/uploads/2018/08/612-350x350.png,£135.00
https://scrapeme.live/shop/Cubchoo/,Cubchoo,https://scrapeme.live/wp-content/uploads/2018/08/613-350x350.png,£62.00
https://scrapeme.live/shop/Beartic/,Beartic,https://scrapeme.live/wp-content/uploads/2018/08/614-350x350.png,£28.00
https://scrapeme.live/shop/Cryogonal/,Cryogonal,https://scrapeme.live/wp-content/uploads/2018/08/615-350x350.png,£72.00
https://scrapeme.live/shop/Shelmet/,Shelmet,https://scrapeme.live/wp-content/uploads/2018/08/616-350x350.png,£190.00
https://scrapeme.live/shop/Accelgor/,Accelgor,https://scrapeme.live/wp-content/uploads/2018/08/617-350x350.png,£129.00
https://scrapeme.live/shop/Stunfisk/,Stunfisk,https://scrapeme.live/wp-content/uploads/2018/08/618-350x350.png,£67.00
https://scrapeme.live/shop/Mienfoo/,Mienfoo,https://scrapeme.live/wp-content/uploads/2018/08/619-350x350.png,£197.00
https://scrapeme.live/shop/Mienshao/,Mienshao,https://scrapeme.live/wp-content/uploads/2018/08/620-350x350.png,£50.00
https://scrapeme.live/shop/Druddigon/,Druddigon,https://scrapeme.live/wp-content/uploads/2018/08/621-350x350.png,£110.00
https://scrapeme.live/shop/Golett/,Golett,https://scrapeme.live/wp-content/uploads/2018/08/622-350x350.png,£89.00
https://scrapeme.live/shop/Golurk/,Golurk,https://scrapeme.live/wp-content/uploads/2018/08/623-350x350.png,£74.00
https://scrapeme.live/shop/Pawniard/,Pawniard,https://scrapeme.live/wp-content/uploads/2018/08/624-350x350.png,£37.00
https://scrapeme.live/shop/Bisharp/,Bisharp,https://scrapeme.live/wp-content/uploads/2018/08/625-350x350.png,£129.00
https://scrapeme.live/shop/Bouffalant/,Bouffalant,https://scrapeme.live/wp-content/uploads/2018/08/626-350x350.png,£59.00
https://scrapeme.live/shop/Rufflet/,Rufflet,https://scrapeme.live/wp-content/uploads/2018/08/627-350x350.png,£60.00
https://scrapeme.live/shop/Braviary/,Braviary,https://scrapeme.live/wp-content/uploads/2018/08/628-350x350.png,£83.00
https://scrapeme.live/shop/Vullaby/,Vullaby,https://scrapeme.live/wp-content/uploads/2018/08/629-350x350.png,£61.00
https://scrapeme.live/shop/Mandibuzz/,Mandibuzz,https://scrapeme.live/wp-content/uploads/2018/08/630-350x350.png,£89.00
https://scrapeme.live/shop/Heatmor/,Heatmor,https://scrapeme.live/wp-content/uploads/2018/08/631-350x350.png,£81.00
https://scrapeme.live/shop/Durant/,Durant,https://scrapeme.live/wp-content/uploads/2018/08/632-350x350.png,£28.00
https://scrapeme.live/shop/Deino/,Deino,https://scrapeme.live/wp-content/uploads/2018/08/633-350x350.png,£63.00
https://scrapeme.live/shop/Zweilous/,Zweilous,https://scrapeme.live/wp-content/uploads/2018/08/634-350x350.png,£199.00
https://scrapeme.live/shop/Hydreigon/,Hydreigon,https://scrapeme.live/wp-content/uploads/2018/08/635-350x350.png,£86.00
https://scrapeme.live/shop/Volcarona/,Volcarona,https://scrapeme.live/wp-content/uploads/2018/08/637-350x350.png,£94.00
https://scrapeme.live/shop/Cobalion/,Cobalion,https://scrapeme.live/wp-content/uploads/2018/08/638-350x350.png,£111.00
https://scrapeme.live/shop/Terrakion/,Terrakion,https://scrapeme.live/wp-content/uploads/2018/08/639-350x350.png,£87.00
https://scrapeme.live/shop/Virizion/,Virizion,https://scrapeme.live/wp-content/uploads/2018/08/640-350x350.png,£156.00
https://scrapeme.live/shop/Reshiram/,Reshiram,https://scrapeme.live/wp-content/uploads/2018/08/643-350x350.png,£147.00
https://scrapeme.live/shop/Zekrom/,Zekrom,https://scrapeme.live/wp-content/uploads/2018/08/644-350x350.png,£135.00
https://scrapeme.live/shop/Genesect/,Genesect,https://scrapeme.live/wp-content/uploads/2018/08/649-350x350.png,£173.00
https://scrapeme.live/shop/Chespin/,Chespin,https://scrapeme.live/wp-content/uploads/2018/08/650-350x350.png,£185.00
https://scrapeme.live/shop/Quilladin/,Quilladin,https://scrapeme.live/wp-content/uploads/2018/08/651-350x350.png,£161.00
https://scrapeme.live/shop/Chesnaught/,Chesnaught,https://scrapeme.live/wp-content/uploads/2018/08/652-350x350.png,£96.00
https://scrapeme.live/shop/Fennekin/,Fennekin,https://scrapeme.live/wp-content/uploads/2018/08/653-350x350.png,£123.00
https://scrapeme.live/shop/Braixen/,Braixen,https://scrapeme.live/wp-content/uploads/2018/08/654-350x350.png,£59.00
https://scrapeme.live/shop/Delphox/,Delphox,https://scrapeme.live/wp-content/uploads/2018/08/655-350x350.png,£170.00
https://scrapeme.live/shop/Froakie/,Froakie,https://scrapeme.live/wp-content/uploads/2018/08/656-350x350.png,£38.00
https://scrapeme.live/shop/Frogadier/,Frogadier,https://scrapeme.live/wp-content/uploads/2018/08/657-350x350.png,£125.00
https://scrapeme.live/shop/Greninja/,Greninja,https://scrapeme.live/wp-content/uploads/2018/08/658-350x350.png,£42.00
https://scrapeme.live/shop/Bunnelby/,Bunnelby,https://scrapeme.live/wp-content/uploads/2018/08/659-350x350.png,£66.00
https://scrapeme.live/shop/Fletchling/,Fletchling,https://scrapeme.live/wp-content/uploads/2018/08/661-350x350.png,£43.00
https://scrapeme.live/shop/Fletchinder/,Fletchinder,https://scrapeme.live/wp-content/uploads/2018/08/662-350x350.png,£147.00
https://scrapeme.live/shop/Talonflame/,Talonflame,https://scrapeme.live/wp-content/uploads/2018/08/663-350x350.png,£84.00
https://scrapeme.live/shop/Scatterbug/,Scatterbug,https://scrapeme.live/wp-content/uploads/2018/08/664-350x350.png,£40.00
https://scrapeme.live/shop/Spewpa/,Spewpa,https://scrapeme.live/wp-content/uploads/2018/08/665-350x350.png,£155.00
https://scrapeme.live/shop/Vivillon/,Vivillon,https://scrapeme.live/wp-content/uploads/2018/08/666-350x350.png,£177.00
https://scrapeme.live/shop/Litleo/,Litleo,https://scrapeme.live/wp-content/uploads/2018/08/667-350x350.png,£34.00
https://scrapeme.live/shop/Pyroar/,Pyroar,https://scrapeme.live/wp-content/uploads/2018/08/668-350x350.png,£127.00
https://scrapeme.live/shop/Flabebe/,Flabebe,https://scrapeme.live/wp-content/uploads/2018/08/669-350x350.png,£79.00
https://scrapeme.live/shop/Floette/,Floette,https://scrapeme.live/wp-content/uploads/2018/08/670-350x350.png,£149.00
https://scrapeme.live/shop/Florges/,Florges,https://scrapeme.live/wp-content/uploads/2018/08/671-350x350.png,£93.00
https://scrapeme.live/shop/Skiddo/,Skiddo,https://scrapeme.live/wp-content/uploads/2018/08/672-350x350.png,£129.00
https://scrapeme.live/shop/Gogoat/,Gogoat,https://scrapeme.live/wp-content/uploads/2018/08/673-350x350.png,£97.00
https://scrapeme.live/shop/Pangoro/,Pangoro,https://scrapeme.live/wp-content/uploads/2018/08/675-350x350.png,£76.00
https://scrapeme.live/shop/Furfrou/,Furfrou,https://scrapeme.live/wp-content/uploads/2018/08/676-350x350.png,£165.00
https://scrapeme.live/shop/Espurr/,Espurr,https://scrapeme.live/wp-content/uploads/2018/08/677-350x350.png,£149.00
https://scrapeme.live/shop/Honedge/,Honedge,https://scrapeme.live/wp-content/uploads/2018/08/679-350x350.png,£101.00
https://scrapeme.live/shop/Doublade/,Doublade,https://scrapeme.live/wp-content/uploads/2018/08/680-350x350.png,£164.00
https://scrapeme.live/shop/Spritzee/,Spritzee,https://scrapeme.live/wp-content/uploads/2018/08/682-350x350.png,£58.00
https://scrapeme.live/shop/Aromatisse/,Aromatisse,https://scrapeme.live/wp-content/uploads/2018/08/683-350x350.png,£194.00
https://scrapeme.live/shop/Swirlix/,Swirlix,https://scrapeme.live/wp-content/uploads/2018/08/684-350x350.png,£90.00
https://scrapeme.live/shop/Slurpuff/,Slurpuff,https://scrapeme.live/wp-content/uploads/2018/08/685-350x350.png,£66.00
https://scrapeme.live/shop/Inkay/,Inkay,https://scrapeme.live/wp-content/uploads/2018/08/686-350x350.png,£38.00
https://scrapeme.live/shop/Malamar/,Malamar,https://scrapeme.live/wp-content/uploads/2018/08/687-350x350.png,£58.00
https://scrapeme.live/shop/Binacle/,Binacle,https://scrapeme.live/wp-content/uploads/2018/08/688-350x350.png,£102.00
https://scrapeme.live/shop/Barbaracle/,Barbaracle,https://scrapeme.live/wp-content/uploads/2018/08/689-350x350.png,£165.00
https://scrapeme.live/shop/Skrelp/,Skrelp,https://scrapeme.live/wp-content/uploads/2018/08/690-350x350.png,£63.00
https://scrapeme.live/shop/Dragalge/,Dragalge,https://scrapeme.live/wp-content/uploads/2018/08/691-350x350.png,£151.00
https://scrapeme.live/shop/Clauncher/,Clauncher,https://scrapeme.live/wp-content/uploads/2018/08/692-350x350.png,£29.00
https://scrapeme.live/shop/Clawitzer/,Clawitzer,https://scrapeme.live/wp-content/uploads/2018/08/693-350x350.png,£69.00
https://scrapeme.live/shop/Helioptile/,Helioptile,https://scrapeme.live/wp-content/uploads/2018/08/694-350x350.png,£62.00
https://scrapeme.live/shop/Heliolisk/,Heliolisk,https://scrapeme.live/wp-content/uploads/2018/08/695-350x350.png,£83.00
https://scrapeme.live/shop/Tyrunt/,Tyrunt,https://scrapeme.live/wp-content/uploads/2018/08/696-350x350.png,£62.00
https://scrapeme.live/shop/Tyrantrum/,Tyrantrum,https://scrapeme.live/wp-content/uploads/2018/08/697-350x350.png,£26.00
https://scrapeme.live/shop/Amaura/,Amaura,https://scrapeme.live/wp-content/uploads/2018/08/698-350x350.png,£155.00
https://scrapeme.live/shop/Aurorus/,Aurorus,https://scrapeme.live/wp-content/uploads/2018/08/699-350x350.png,£189.00
https://scrapeme.live/shop/Sylveon/,Sylveon,https://scrapeme.live/wp-content/uploads/2018/08/700-350x350.png,£48.00
https://scrapeme.live/shop/Hawlucha/,Hawlucha,https://scrapeme.live/wp-content/uploads/2018/08/701-350x350.png,£44.00
https://scrapeme.live/shop/Dedenne/,Dedenne,https://scrapeme.live/wp-content/uploads/2018/08/702-350x350.png,£118.00
https://scrapeme.live/shop/Carbink/,Carbink,https://scrapeme.live/wp-content/uploads/2018/08/703-350x350.png,£171.00
https://scrapeme.live/shop/Goomy/,Goomy,https://scrapeme.live/wp-content/uploads/2018/08/704-350x350.png,£110.00
https://scrapeme.live/shop/Sliggoo/,Sliggoo,https://scrapeme.live/wp-content/uploads/2018/08/705-350x350.png,£109.00
https://scrapeme.live/shop/Goodra/,Goodra,https://scrapeme.live/wp-content/uploads/2018/08/706-350x350.png,£192.00
https://scrapeme.live/shop/Klefki/,Klefki,https://scrapeme.live/wp-content/uploads/2018/08/707-350x350.png,£179.00
https://scrapeme.live/shop/Trevenant/,Trevenant,https://scrapeme.live/wp-content/uploads/2018/08/709-350x350.png,£53.00
https://scrapeme.live/shop/Bergmite/,Bergmite,https://scrapeme.live/wp-content/uploads/2018/08/712-350x350.png,£119.00
https://scrapeme.live/shop/Avalugg/,Avalugg,https://scrapeme.live/wp-content/uploads/2018/08/713-350x350.png,£71.00
https://scrapeme.live/shop/Noibat/,Noibat,https://scrapeme.live/wp-content/uploads/2018/08/714-350x350.png,£126.00
https://scrapeme.live/shop/Noivern/,Noivern,https://scrapeme.live/wp-content/uploads/2018/08/715-350x350.png,£75.00
https://scrapeme.live/shop/Xerneas/,Xerneas,https://scrapeme.live/wp-content/uploads/2018/08/716-350x350.png,£30.00
https://scrapeme.live/shop/Yveltal/,Yveltal,https://scrapeme.live/wp-content/uploads/2018/08/717-350x350.png,£59.00
https://scrapeme.live/shop/Zygarde/,Zygarde,https://scrapeme.live/wp-content/uploads/2018/08/718-350x350.png,£83.00
https://scrapeme.live/shop/Diancie/,Diancie,https://scrapeme.live/wp-content/uploads/2018/08/719-350x350.png,£27.00
https://scrapeme.live/shop/Hoopa/,Hoopa,https://scrapeme.live/wp-content/uploads/2018/08/720-350x350.png,£189.00
https://scrapeme.live/shop/Volcanion/,Volcanion,https://scrapeme.live/wp-content/uploads/2018/08/721-350x350.png,£45.00
https://scrapeme.live/shop/Dartrix/,Dartrix,https://scrapeme.live/wp-content/uploads/2018/08/723-350x350.png,£169.00
https://scrapeme.live/shop/Decidueye/,Decidueye,https://scrapeme.live/wp-content/uploads/2018/08/724-350x350.png,£106.00
https://scrapeme.live/shop/Litten/,Litten,https://scrapeme.live/wp-content/uploads/2018/08/725-350x350.png,£132.00
https://scrapeme.live/shop/Torracat/,Torracat,https://scrapeme.live/wp-content/uploads/2018/08/726-350x350.png,£184.00
https://scrapeme.live/shop/Incineroar/,Incineroar,https://scrapeme.live/wp-content/uploads/2018/08/727-350x350.png,£36.00
https://scrapeme.live/shop/Popplio/,Popplio,https://scrapeme.live/wp-content/uploads/2018/08/728-350x350.png,£158.00
https://scrapeme.live/shop/Brionne/,Brionne,https://scrapeme.live/wp-content/uploads/2018/08/729-350x350.png,£172.00
https://scrapeme.live/shop/Primarina/,Primarina,https://scrapeme.live/wp-content/uploads/2018/08/730-350x350.png,£143.00
https://scrapeme.live/shop/Pikipek/,Pikipek,https://scrapeme.live/wp-content/uploads/2018/08/731-350x350.png,£51.00
https://scrapeme.live/shop/Trumbeak/,Trumbeak,https://scrapeme.live/wp-content/uploads/2018/08/732-350x350.png,£59.00
https://scrapeme.live/shop/Toucannon/,Toucannon,https://scrapeme.live/wp-content/uploads/2018/08/733-350x350.png,£77.00
https://scrapeme.live/shop/Yungoos/,Yungoos,https://scrapeme.live/wp-content/uploads/2018/08/734-350x350.png,£159.00
https://scrapeme.live/shop/Gumshoos/,Gumshoos,https://scrapeme.live/wp-content/uploads/2018/08/735-350x350.png,£123.00
https://scrapeme.live/shop/Grubbin/,Grubbin,https://scrapeme.live/wp-content/uploads/2018/08/736-350x350.png,£77.00
https://scrapeme.live/shop/Charjabug/,Charjabug,https://scrapeme.live/wp-content/uploads/2018/08/737-350x350.png,£76.00
https://scrapeme.live/shop/Vikavolt/,Vikavolt,https://scrapeme.live/wp-content/uploads/2018/08/738-350x350.png,£88.00
https://scrapeme.live/shop/Crabrawler/,Crabrawler,https://scrapeme.live/wp-content/uploads/2018/08/739-350x350.png,£181.00
https://scrapeme.live/shop/Crabominable/,Crabominable,https://scrapeme.live/wp-content/uploads/2018/08/740-350x350.png,£65.00
https://scrapeme.live/shop/Cutiefly/,Cutiefly,https://scrapeme.live/wp-content/uploads/2018/08/742-350x350.png,£118.00
https://scrapeme.live/shop/Ribombee/,Ribombee,https://scrapeme.live/wp-content/uploads/2018/08/743-350x350.png,£100.00
https://scrapeme.live/shop/Rockruff/,Rockruff,https://scrapeme.live/wp-content/uploads/2018/08/744-350x350.png,£149.00
https://scrapeme.live/shop/Mareanie/,Mareanie,https://scrapeme.live/wp-content/uploads/2018/08/747-350x350.png,£47.00
https://scrapeme.live/shop/Toxapex/,Toxapex,https://scrapeme.live/wp-content/uploads/2018/08/748-350x350.png,£91.00
https://scrapeme.live/shop/Mudbray/,Mudbray,https://scrapeme.live/wp-content/uploads/2018/08/749-350x350.png,£96.00
https://scrapeme.live/shop/Mudsdale/,Mudsdale,https://scrapeme.live/wp-content/uploads/2018/08/750-350x350.png,£111.00
https://scrapeme.live/shop/Dewpider/,Dewpider,https://scrapeme.live/wp-content/uploads/2018/08/751-350x350.png,£84.00
https://scrapeme.live/shop/Araquanid/,Araquanid,https://scrapeme.live/wp-content/uploads/2018/08/752-350x350.png,£48.00
https://scrapeme.live/shop/Fomantis/,Fomantis,https://scrapeme.live/wp-content/uploads/2018/08/753-350x350.png,£104.00
https://scrapeme.live/shop/Lurantis/,Lurantis,https://scrapeme.live/wp-content/uploads/2018/08/754-350x350.png,£159.00
https://scrapeme.live/shop/Morelull/,Morelull,https://scrapeme.live/wp-content/uploads/2018/08/755-350x350.png,£87.00
https://scrapeme.live/shop/Shiinotic/,Shiinotic,https://scrapeme.live/wp-content/uploads/2018/08/756-350x350.png,£75.00
https://scrapeme.live/shop/Salandit/,Salandit,https://scrapeme.live/wp-content/uploads/2018/08/757-350x350.png,£158.00
https://scrapeme.live/shop/Salazzle/,Salazzle,https://scrapeme.live/wp-content/uploads/2018/08/758-350x350.png,£166.00
https://scrapeme.live/shop/Stufful/,Stufful,https://scrapeme.live/wp-content/uploads/2018/08/759-350x350.png,£70.00
https://scrapeme.live/shop/Bewear/,Bewear,https://scrapeme.live/wp-content/uploads/2018/08/760-350x350.png,£117.00
https://scrapeme.live/shop/Bounsweet/,Bounsweet,https://scrapeme.live/wp-content/uploads/2018/08/761-350x350.png,£193.00
https://scrapeme.live/shop/Steenee/,Steenee,https://scrapeme.live/wp-content/uploads/2018/08/762-350x350.png,£27.00
https://scrapeme.live/shop/Tsareena/,Tsareena,https://scrapeme.live/wp-content/uploads/2018/08/763-350x350.png,£186.00
https://scrapeme.live/shop/Comfey/,Comfey,https://scrapeme.live/wp-content/uploads/2018/08/764-350x350.png,£28.00
https://scrapeme.live/shop/Oranguru/,Oranguru,https://scrapeme.live/wp-content/uploads/2018/08/765-350x350.png,£139.00
https://scrapeme.live/shop/Passimian/,Passimian,https://scrapeme.live/wp-content/uploads/2018/08/766-350x350.png,£182.00
https://scrapeme.live/shop/Wimpod/,Wimpod,https://scrapeme.live/wp-content/uploads/2018/08/767-350x350.png,£137.00
https://scrapeme.live/shop/Golisopod/,Golisopod,https://scrapeme.live/wp-content/uploads/2018/08/768-350x350.png,£32.00
https://scrapeme.live/shop/Sandygast/,Sandygast,https://scrapeme.live/wp-content/uploads/2018/08/769-350x350.png,£131.00
https://scrapeme.live/shop/Palossand/,Palossand,https://scrapeme.live/wp-content/uploads/2018/08/770-350x350.png,£187.00
https://scrapeme.live/shop/Pyukumuku/,Pyukumuku,https://scrapeme.live/wp-content/uploads/2018/08/771-350x350.png,£97.00
https://scrapeme.live/shop/Silvally/,Silvally,https://scrapeme.live/wp-content/uploads/2018/08/773-350x350.png,£133.00
https://scrapeme.live/shop/Komala/,Komala,https://scrapeme.live/wp-content/uploads/2018/08/775-350x350.png,£65.00
https://scrapeme.live/shop/Turtonator/,Turtonator,https://scrapeme.live/wp-content/uploads/2018/08/776-350x350.png,£117.00
https://scrapeme.live/shop/Togedemaru/,Togedemaru,https://scrapeme.live/wp-content/uploads/2018/08/777-350x350.png,£45.00
https://scrapeme.live/shop/Drampa/,Drampa,https://scrapeme.live/wp-content/uploads/2018/08/780-350x350.png,£133.00
https://scrapeme.live/shop/Jangmo-o/,Jangmo-o,https://scrapeme.live/wp-content/uploads/2018/08/782-350x350.png,£107.00
https://scrapeme.live/shop/Hakamo-o/,Hakamo-o,https://scrapeme.live/wp-content/uploads/2018/08/783-350x350.png,£57.00
https://scrapeme.live/shop/Kommo-o/,Kommo-o,https://scrapeme.live/wp-content/uploads/2018/08/784-350x350.png,£170.00
https://scrapeme.live/shop/Tapu-koko/,Tapu-koko,https://scrapeme.live/wp-content/uploads/2018/08/785-350x350.png,£159.00
https://scrapeme.live/shop/Tapu-lele/,Tapu-lele,https://scrapeme.live/wp-content/uploads/2018/08/786-350x350.png,£62.00
https://scrapeme.live/shop/Tapu-bulu/,Tapu-bulu,https://scrapeme.live/wp-content/uploads/2018/08/787-350x350.png,£165.00
https://scrapeme.live/shop/Tapu-fini/,Tapu-fini,https://scrapeme.live/wp-content/uploads/2018/08/788-350x350.png,£123.00
https://scrapeme.live/shop/Solgaleo/,Solgaleo,https://scrapeme.live/wp-content/uploads/2018/08/791-350x350.png,£125.00
https://scrapeme.live/shop/Lunala/,Lunala,https://scrapeme.live/wp-content/uploads/2018/08/792-350x350.png,£58.00
https://scrapeme.live/shop/Nihilego/,Nihilego,https://scrapeme.live/wp-content/uploads/2018/08/793-350x350.png,£67.00
https://scrapeme.live/shop/Buzzwole/,Buzzwole,https://scrapeme.live/wp-content/uploads/2018/08/794-350x350.png,£172.00
https://scrapeme.live/shop/Pheromosa/,Pheromosa,https://scrapeme.live/wp-content/uploads/2018/08/795-350x350.png,£62.00
https://scrapeme.live/shop/Xurkitree/,Xurkitree,https://scrapeme.live/wp-content/uploads/2018/08/796-350x350.png,£174.00
https://scrapeme.live/shop/Celesteela/,Celesteela,https://scrapeme.live/wp-content/uploads/2018/08/797-350x350.png,£151.00
https://scrapeme.live/shop/Kartana/,Kartana,https://scrapeme.live/wp-content/uploads/2018/08/798-350x350.png,£197.00
https://scrapeme.live/shop/Guzzlord/,Guzzlord,https://scrapeme.live/wp-content/uploads/2018/08/799-350x350.png,£73.00
https://scrapeme.live/shop/Necrozma/,Necrozma,https://scrapeme.live/wp-content/uploads/2018/08/800-350x350.png,£68.00
https://scrapeme.live/shop/Marshadow/,Marshadow,https://scrapeme.live/wp-content/uploads/2018/08/802-350x350.png,£107.00
https://scrapeme.live/shop/Poipole/,Poipole,https://scrapeme.live/wp-content/uploads/2018/08/803-350x350.png,£130.00
https://scrapeme.live/shop/Naganadel/,Naganadel,https://scrapeme.live/wp-content/uploads/2018/08/804-350x350.png,£30.00
https://scrapeme.live/shop/Stakataka/,Stakataka,https://scrapeme.live/wp-content/uploads/2018/08/805-350x350.png,£190.00
https://scrapeme.live/shop/Blacephalon/,Blacephalon,https://scrapeme.live/wp-content/uploads/2018/08/806-350x350.png,£149.00
